ID,CC_1,CC_2,CC_3,CC_4,CC_5,CC_6,CC_7,CC_8,CC_9,CC_10
s0325lre_0,0.016980344202862253,-0.03886303148512344,0.04322706599115129,-0.04473819483565075,0.04131802005581915,-0.04426065801957947,0.0863170966266686,-0.06521589967230543,0.09781615945175022,-0.015610608291736312
s0325lre_1,0.023234881149088647,0.00818820019894158,0.04240700691427867,-0.0034980957691452693,0.01638063647890934,0.013580780377993151,-0.011895737446522631,-0.006352607731492209,6.694839970557605e-05,-0.031096481691031828
s0325lre_2,0.007259803424006103,0.00893366194102291,0.03119423170559746,-0.02200999871798575,0.06809785224131522,-0.014702927685685803,0.08876251074745861,0.03969099642086799,0.0575908401082533,0.05988734643911133
s0325lre_3,0.008564101083244981,-0.01731204220124512,0.023522824967361793,-0.016600871137951445,0.0056137084585701135,0.02423997287873746,0.01089594713634579,0.025073361560328907,0.055764494083140694,0.007564734034907448
s0325lre_4,0.011419542524178322,-0.01695173260742381,0.027901179247215614,-0.015181558874676355,0.008041065613256137,0.026804915459701078,0.019931215924607924,0.021585032045427405,0.06552249263924385,0.011595503790968981
s0325lre_5,0.009472018974567804,-0.01723331662452367,0.023466192164223878,-0.017204675188361704,0.005426766803015616,0.02333546426199488,0.011147283293248798,0.027198563674804582,0.05690016744277169,0.009802537880116242
s0325lre_6,0.00992679849276161,-0.01585015414030461,0.025188262981851946,-0.01500920485000666,0.007568008933193962,0.026396451231284954,0.014597125797765407,0.027609912613926108,0.060421263062273904,0.010186739052682123
s0325lre_7,0.02232363663099608,0.008867318178167962,0.04210115843640526,-0.004645925423731399,0.01442241945352619,0.012409542356968182,-0.01535016320755776,-0.005672815460422215,0.004017057029498319,-0.030656796571989945
s0325lre_8,0.006279887136919291,0.01098836623554606,0.03084512301349856,-0.020879204406420868,0.06910039841561826,-0.013257298883463593,0.08986950789997568,0.04297635835098712,0.05449240817022878,0.05817425403351524
s0325lre_9,0.022073976782824484,0.010075517231106803,0.04132832163854398,-0.0025753937570082513,0.01602863343311849,0.014060038359639723,-0.014699259481359667,-0.006132876254421883,-0.0010313985599769762,-0.031224918402993435
s0325lre_10,0.02078705129303552,0.028012305208085595,0.04589880594886337,-0.012865780875748866,0.06003165698248267,-0.04222906288683409,0.046650951469592646,-0.03814658071358585,0.015003716517117327,0.008168988861579681
s0325lre_11,0.007466361752413577,0.008598015730218714,0.030728216263514345,-0.021473037971527168,0.06724107561975147,-0.01631640082105224,0.0881070363435145,0.03571099152909878,0.05716615012289898,0.05667462871507596
s0325lre_12,0.021612665031796218,0.011953196667501038,0.04037138508964902,-0.00069394615372906,0.016782056745649126,0.015411567403905188,-0.013748916742912867,-2.860921247942131e-05,-0.005364486119173597,-0.028893241727248237
s0325lre_13,0.006963356369230401,0.008739933960139187,0.0338752373935867,-0.023010537420685845,0.06974909146661637,-0.017933175230040666,0.08608676041283704,0.03691733911182651,0.05393567021237498,0.05877912056062966
s0325lre_14,0.012719966781130519,-0.015651705386348153,0.03112233711095831,-0.013988615102262358,0.010203080532309425,0.03086462077293404,0.023884030728770465,0.02557064061465986,0.07213299845527353,0.013517987823724445
s0325lre_15,0.0093216157158558,-0.016713433027038194,0.02387578629156389,-0.016413661077594312,0.006141540030684941,0.02562133864333334,0.01213598200842646,0.028497833872221972,0.061081699422586413,0.009804247755081657
s0325lre_16,0.012143500545320093,-0.016012222841853163,0.030105863293730196,-0.012842601961259177,0.01035752178337053,0.03002296305882881,0.022550688505262876,0.02295304639858653,0.06990705830078278,0.012392738378082909
s0325lre_17,0.024563340567095183,0.010156229279755867,0.04634811973118434,-0.0036963384794346976,0.017617365692619194,0.015082321631929215,-0.012896431004075315,-0.008295054428435606,0.004961459329123174,-0.032882577523181224
s0325lre_18,0.021023444455112256,0.02650255914817553,0.0469863336054467,-0.012790521884534866,0.06247753574437408,-0.041518987702892446,0.046795624096831315,-0.041694468313894284,0.01278342958872072,0.0058028808715163095
s0325lre_19,0.02045338026491811,0.028138560502096868,0.047599651806245535,-0.013004549065090746,0.06208422854014757,-0.042262312671196386,0.04802618233988706,-0.038190811499397084,0.014791375752127914,0.008213858482802974
s0325lre_20,0.009145415420491158,0.011943942381252294,0.03894576998531539,-0.02196698723211432,0.08119072189231864,-0.008750398050452968,0.0923588052337689,0.05407338913886051,0.044677855845097356,0.05465767587534449
s0325lre_21,0.023427241401671413,0.010017029314056196,0.04296310313183354,-0.001469967540900495,0.017097614966931685,0.01516831911069606,-0.013277280807466088,-0.006115369683789259,0.0005071980129916648,-0.033119124620357855
s0325lre_22,0.021611102403840236,0.027421017990756896,0.048094522770095204,-0.01354259226030561,0.06324014524511251,-0.042043211262138704,0.046550973834193564,-0.03779548679268267,0.013587757782397755,0.009975293652234169
s0325lre_23,0.022039712379819543,0.03040669643114304,0.049700186708249765,-0.012905806252368444,0.06465083782448783,-0.0415500373592479,0.04624628113464981,-0.03368902157537731,0.010528970900350165,0.016838637950690214
s0325lre_24,0.008647654706824083,0.009120905709626138,0.034785387110905015,-0.023508340984455325,0.07324624193562486,-0.014963367942140631,0.09489473638646688,0.04413529304457363,0.058400939151843606,0.05942761111032816
s0325lre_25,0.02362469558628592,0.011009031303134359,0.044049970787292295,-0.002001594230306013,0.015692823703803663,0.015249166442201204,-0.014434569644841239,-0.0061144111041420935,0.0037901580164691417,-0.03141892165165796
s0325lre_26,0.008927810531328753,0.010017713906184304,0.037438457786061106,-0.023307166738416055,0.07929806031635725,-0.011055252214141295,0.09359953930838322,0.05148202567023948,0.04608174576836193,0.05593055666833605
s0325lre_27,0.009995872618809073,-0.016509220933114705,0.02344370745100833,-0.015362735105755788,0.004719297477803044,0.026349287568047337,0.012448373165031572,0.02864423535723672,0.06139087133064351,0.009843169287196207
s0325lre_28,0.02213965880887971,0.012320729503075944,0.04258702131070514,-0.0015797557449806609,0.014974043343974707,0.014454397478041506,-0.01433788676040274,-0.00487241926706513,0.0043327354356863385,-0.030760184656047816
s0325lre_29,0.007583137862984828,0.010183948391489402,0.0333798929588577,-0.022463697487669774,0.07300354719834308,-0.014548427007430125,0.09209973568720306,0.04339387790751857,0.05439928242687473,0.05741423389263804
s0325lre_30,0.009502029375906188,-0.01612304345138955,0.024377156438121952,-0.01518602702582389,0.006614070311861255,0.027616191932456118,0.01579908075592913,0.02910172432760661,0.06163799522163122,0.01145049862643244
s0325lre_31,0.021862201705967345,0.010755608358593608,0.0431079919313381,-0.002645653158819368,0.014656315325480562,0.013842703150982821,-0.015332268897911781,-0.004584253344472311,0.004140691620568271,-0.029762765690479837
s0325lre_32,0.007595160733433246,0.009774223887584161,0.032519965602369146,-0.02123689342633956,0.06981514746006066,-0.011288136498014365,0.08892473068015008,0.04411175214606213,0.052971193943554096,0.05775499029307419
s0325lre_33,0.021296906848857454,0.010380920306930561,0.039481520036726996,-0.002627776742909654,0.014323286778854999,0.013149079314130696,-0.01381875929090487,-0.004249415995084184,-0.00253580141040433,-0.02966420184672718
s0325lre_34,0.020561091082484877,0.029082300241441348,0.04664597739957791,-0.012388736359642313,0.06017598670701454,-0.041255580053962994,0.04412381347695642,-0.031261461841875164,0.014145906853628794,0.01621274224853969
s0325lre_35,0.007220542484011487,0.010005027730386825,0.030477270468088173,-0.020369056069307584,0.06897029147466352,-0.012342905564101118,0.08983242488160444,0.04087388750945232,0.05715641617633272,0.056492538120743674
s0325lre_36,0.011555806579240184,-0.014260866275401763,0.028937871951894484,-0.01224139963175452,0.011313486420236352,0.03128347372621842,0.024588732956203684,0.029006302226187875,0.06944077334319523,0.016432272300215038
s0325lre_37,0.01347222675068653,-0.015493669243222274,0.03500699941570106,-0.01087020959232644,0.015000140023671988,0.03334627249104861,0.028430689588698547,0.022711563573701993,0.07228576432767553,0.013648112873182983
s0325lre_38,0.011769100177777827,-0.01630248628789142,0.028566946462126704,-0.01563733006641852,0.0092303890036166,0.027160001543169766,0.022499809233749828,0.027374119425492796,0.0667841538133096,0.014447640143616783
s0325lre_39,0.012966287027411103,-0.013068021047545689,0.030599805010450364,-0.011500473021537264,0.0115023325481155,0.03224329998558618,0.02743437408645153,0.02933256719320656,0.07234612674072492,0.017258678651626353
s0325lre_40,0.02269621131468902,0.00842185625143589,0.04309736338287755,-0.004168653580674467,0.015009583291041727,0.012824381647769369,-0.013637672461972906,-0.007144761426296366,0.006227960370415178,-0.02905309365011358
s0325lre_41,0.008439292025545678,0.010959133345472013,0.03351769173850264,-0.01974930024583091,0.06998001658073572,-0.009144388898236397,0.09126061125004524,0.044060593799312514,0.055095064718137986,0.05514671479513491
s0325lre_42,0.022106586171006373,0.00933959641039393,0.040966812973395536,-0.003124199724983154,0.015491365037696051,0.012944153946851875,-0.013799708618235148,-0.0069441952269875176,-0.0008343666826142436,-0.03112777387070626
s0325lre_43,0.01960210069898704,0.029097967123806776,0.044143264448463136,-0.013094390864158222,0.05937167054964287,-0.0419440154853433,0.04586820931187329,-0.034840135600208585,0.014188224445064047,0.011997671623405625
s0325lre_44,0.007536720137426894,0.010739827253808116,0.03078605119878586,-0.019457956654693645,0.06723843373348014,-0.012431632516532391,0.08710751460398121,0.04137516767694137,0.05590855605610617,0.056987391018963655
s0325lre_45,0.022084486802019753,0.010839847317941971,0.040667808266076674,-0.000930506196736855,0.015938964178175943,0.015486458040929471,-0.014529819854931484,-0.0030537182698597916,-0.0022988716830992175,-0.030224458967942618
s0325lre_46,0.020212320586391913,0.025164337578188242,0.04444710336213481,-0.013721187648183352,0.0589375895634712,-0.04053289360930376,0.048638124478153064,-0.0384918411073225,0.01675617542373311,0.003238067978040789
s0325lre_47,0.019601749904593537,0.02739375378887568,0.04368879209637347,-0.01201277156895736,0.05956431461835544,-0.0392462076536671,0.04513645068600991,-0.039346595348947015,0.012412477756779458,0.005021038155603339
s0325lre_48,0.019204425823550055,0.023964733889214287,0.04256036569903807,-0.01281864785488329,0.05705032884444247,-0.03933405597482752,0.04762153222410136,-0.04520239498403094,0.01608975928537029,-0.006883173888624739
s0325lre_49,0.02023245326312037,0.02571581263494829,0.04503178041533492,-0.014710398443953812,0.0582420802524497,-0.041657411240141724,0.04552054669311095,-0.0386272936787654,0.014709584172047893,0.0033678147205795966
s0325lre_50,0.007913195633735855,0.01015509351805674,0.03221131472253749,-0.020878702234334443,0.06937137648482451,-0.013514444735783879,0.09045599816232429,0.04009737753903472,0.053957700399936005,0.055710344603394815
s0325lre_51,0.009837536525637385,-0.01680208900859509,0.02388312829208574,-0.015519877887336225,0.004407996808457551,0.025864733085194026,0.015993934289690065,0.027520366616296057,0.06438374570068083,0.012072374113644846
s0325lre_52,0.01174546395549643,-0.014995025972118688,0.029698728922410513,-0.011857211315541266,0.00982480094485789,0.030463895373425687,0.020850969188056755,0.023212874455031052,0.06647277755409613,0.008730443417568227
s0325lre_53,0.013902695301416615,-0.016222356671274977,0.03272624345555996,-0.014236154808358912,0.011217346552495133,0.031540184229708855,0.02458702264874314,0.025518503952286376,0.07188684130723877,0.013773413288022377
s0325lre_54,0.009842895549280261,-0.016436219281603118,0.024235424683124625,-0.01572752513385926,0.007515644963994702,0.026460522563683374,0.01396760057587981,0.030683098008121926,0.06028643083023424,0.009910197405488751
s0325lre_55,0.02270607397909372,0.012370757246020096,0.04328656096511938,-0.00032233738683021143,0.016307431244393277,0.01450626204168484,-0.014377419806560092,-0.0016779157896652604,-0.0013998830265162957,-0.030330180313389375
s0325lre_56,0.008578166312283931,0.00915855406014938,0.035242861086273725,-0.023682576831238804,0.07683395616099566,-0.015424453202959518,0.09300092940792026,0.04445016752782921,0.05215279225774112,0.057025566200941284
s0325lre_57,0.021185195084078554,0.01296752283649225,0.039485142410901335,0.0005748274312872531,0.017291479339263876,0.016747507367371756,-0.013173049517126549,0.005441641063818431,-0.009323102155645205,-0.026544374346357986
s0325lre_58,0.02058911933200279,0.02609855090817969,0.04493639131321114,-0.011902639833334039,0.057292638109856006,-0.04136857465473183,0.04837052232070328,-0.043982890133488696,0.017768988900229935,-0.005527858125343179
s0325lre_59,0.02105700979795132,0.026712916055278434,0.04665284084609747,-0.011838442772480156,0.06158129294664298,-0.0416084702858993,0.04912053210278424,-0.04251273840725586,0.014517665308564435,-4.406122013532039e-05
s0325lre_60,0.007140487604282823,0.006735283278214532,0.029645404185543643,-0.02426036937627414,0.0672244598747341,-0.02088280856513371,0.0901358841106521,0.029439264219365987,0.061309955678437764,0.05368663209856062
s0325lre_61,0.008910835544997647,-0.014818765416239527,0.022630158302249636,-0.01473682601100376,0.0060627354509674896,0.025147246089744408,0.008347738996123913,0.025088515403444978,0.05424752674925754,0.006574959647846532
s0325lre_62,0.012276933009357113,-0.016345530126599662,0.031062909400614583,-0.01458569184902028,0.010462714847253305,0.028477341934527306,0.021266115723814972,0.02268325979112078,0.06870733175796247,0.010789318330876138
s0325lre_63,0.0083116743476692,-0.019246545190686536,0.02202605947656324,-0.019632390543524628,0.004207292544528227,0.021345621295850613,0.010383945816343962,0.025885272490955638,0.05742386533366039,0.009412517106056836
s0325lre_64,0.02067449142874702,0.012113079853108602,0.03959293149194882,-0.0017578545638360355,0.014668819330333193,0.014589430868520928,-0.0153262023998142,-0.0021072991274053697,-0.0031532904665555316,-0.02953970422574849
s0325lre_65,0.02041769425464319,0.029799272076300128,0.04584802977187781,-0.012281284138460658,0.060913644085576826,-0.041923937618536126,0.046198785394765476,-0.03537468894442869,0.014313796297414218,0.012035779962461874
s0325lre_66,0.007145720435995663,0.00955060194470415,0.03180539990799842,-0.0235549557034925,0.07058419558422659,-0.01404659339496127,0.09276184113879496,0.04081583579229035,0.056901953613563115,0.056259093434351884
s0325lre_67,0.02250906361806402,0.011636674146927976,0.041418104856759466,-0.001424962144880519,0.01625430406253498,0.01603632486435103,-0.013649617911922762,-0.005782268130742592,-0.00015367620067256678,-0.03206900592391546
s0325lre_68,0.020629989022323738,0.027978843055527777,0.04543758789963971,-0.01391503105205527,0.06088776492174942,-0.0422377049775135,0.04742743232426667,-0.03809727015283599,0.015510919999158532,0.007381315387181183
s0325lre_69,0.007509819236248904,0.011941526071305834,0.03604164980059829,-0.0220509149232884,0.07795542434975992,-0.009874363291463167,0.09246173939072834,0.051667931412389394,0.04761758508576214,0.05502023771521907
s0325lre_70,0.02217453658930336,0.010909300510364445,0.04040773442877708,-0.0020069451720512443,0.01619918081828439,0.014774483094161161,-0.013416425674692235,-0.0033977739490282403,-0.002503479867934541,-0.03017826044650146
s0325lre_71,0.008549028561084646,0.010127812847446613,0.03563358499500426,-0.021651984997656908,0.07416712655815183,-0.011450065281200577,0.09538782276631963,0.04593903438527661,0.058006202988276204,0.058094385995877296
s0325lre_72,0.023417073798547513,0.009972111382662721,0.043999585969597486,-0.0038221593261436606,0.014727846231611632,0.012950417544988397,-0.014621056721989776,-0.007114383998348401,0.004400190744497183,-0.031081612619087106
s0325lre_73,0.007395843639573725,0.00954281195039625,0.03021779766396866,-0.021902572397909027,0.06682009371654232,-0.01501971798988034,0.08897086207516208,0.037603383469372725,0.05923125260498046,0.055927825332649
s0325lre_74,0.023437948212857187,0.009818121907358777,0.04216348673628282,-0.0014069134279305583,0.014871448786245762,0.014959052605367106,-0.013359124614981581,-0.00801774464089935,0.0004322952611659573,-0.03278849249510509
s0325lre_75,0.02047275772930025,0.028110941205621888,0.04614381942155161,-0.012591978645627,0.060361885010568155,-0.04286363611087572,0.04754485742671956,-0.037619669405652346,0.016734884780400527,0.00861149087236052
s0325lre_76,0.00788720564583494,0.012862854387960029,0.03757894420775188,-0.020594070140942104,0.07784450293178904,-0.007501219969875471,0.0910275608392437,0.05209971194186869,0.0469151450673749,0.056992173080751524
s0325lre_77,0.01007242880865071,-0.01718060613963023,0.025184399160648713,-0.015775386161869274,0.0069144476663492,0.025311456722711966,0.015726997998913948,0.027418340138258192,0.061716276355736795,0.011094511933410878
s0325lre_78,0.022316875193574854,0.011210267681385793,0.04217856819196543,-0.0017654382796733993,0.015276372873758298,0.014717544472199248,-0.014279753335256077,-0.006667639762617207,0.00023323255459162967,-0.03190387744643532
s0325lre_79,0.020423464152147016,0.02885144840618175,0.046687422016763035,-0.012863896852434897,0.061060721689240566,-0.04134576000399078,0.045319253305390925,-0.035738632806397275,0.012823316845184934,0.012318841192018
s0325lre_80,0.019096059160239397,0.024405823220693977,0.04201647178843934,-0.012661463314977656,0.056762460147816496,-0.038888451808977716,0.0459249771923465,-0.04282041961172259,0.013871296011579581,-0.0025172648465217368
s0325lre_81,0.008551141528423508,0.011484365220778975,0.034641931746853025,-0.02160121586584584,0.07690551890875182,-0.006365644892415751,0.09630668861739954,0.05464190762593796,0.05198125983635962,0.05420209629443916
s0325lre_82,0.0227202036861694,0.00994113071387756,0.042481278920976674,-0.002956156997073746,0.01410689550401495,0.013757910323661816,-0.01627394160322895,-0.005590731351900846,0.0024326974617235753,-0.03183781494396796
s0325lre_83,0.0070900405873977,0.011956909907755832,0.033050841720270424,-0.020870478382761456,0.07405413667424683,-0.010469779068270783,0.09219748643795236,0.04875060003103906,0.05265522608228492,0.05848721204952656
s0325lre_84,0.021217276784351927,0.010183748315238878,0.04012835064939411,-0.003010806631422908,0.016260258211294464,0.013485953442494727,-0.014711701315389318,-0.00407277724687194,-0.003352040171349219,-0.030945674742095353
s0325lre_85,0.019988156591455322,0.027132700895388547,0.04469581439771857,-0.012377074482177048,0.05937797397761867,-0.04084755681531804,0.04531640488053472,-0.03738959702676154,0.012766962374978257,0.009689502832932864
s0325lre_86,0.007879126502789695,0.012185040535918845,0.03568571077008975,-0.021444256568975435,0.07407279090262398,-0.00876041829813918,0.08835934468424905,0.05221661444162707,0.04857998750978617,0.05970427664370297
s0325lre_87,0.02138788802701251,0.008225657548294324,0.0398656677075916,-0.004759233560148854,0.014618006335375707,0.012498177922484742,-0.0147395469954546,-0.0085986471986545,-1.6362194633591328e-05,-0.032266383167877014
s0325lre_88,0.007740218018030576,0.013684683669431028,0.034793605302797945,-0.018394155002500863,0.0754190603074279,-0.007293596348293215,0.09235075726514068,0.048245466652824254,0.050624399011473364,0.05686259636652232
s0325lre_89,0.022537389354402085,0.006514000814760087,0.042641382625421796,-0.006648065499239263,0.014129435403698239,0.011173480432760792,-0.014466662181891958,-0.011815947141341347,0.005646500914976101,-0.032335330834553304
s0325lre_90,0.018188350308521572,0.02831368488152093,0.039947540852001875,-0.010836989230421342,0.05615898827017502,-0.0375715059436733,0.04199046421964383,-0.04049177184689759,0.011052833004721777,0.006548545101692717
s0325lre_91,0.019439237869527462,0.027502862370347388,0.042907391470965096,-0.01197530179918214,0.057676913360097996,-0.040027279233651694,0.04462339024322586,-0.03842087918768297,0.012732992168724673,0.007367787797883143
s0325lre_92,0.007365646955120277,0.01435053409464847,0.03694547374611325,-0.020592607886567856,0.08105020832321162,-0.007427909284294904,0.09216644526259472,0.05522625736625366,0.04432078858085574,0.053508328204369085
s0325lre_93,0.023374340703700654,0.00807637644439876,0.04310806674064977,-0.0034948564238793346,0.016058147213530757,0.012046791159025296,-0.013933052235708251,-0.009764733536867125,0.0032986455053471797,-0.03268102626967151
s0325lre_94,0.00958190755085951,0.011402654359070511,0.03903040101107701,-0.023631187185641597,0.0855704512944856,-0.00030356685213157094,0.1004150736526548,0.065747503390661,0.042524082998673274,0.03957107840012499
s0325lre_95,0.013152856145649521,-0.015126874184610643,0.03193978876076915,-0.012017598931179853,0.011597727910488966,0.03487081416638482,0.02716472583057354,0.029572935118131995,0.07552063880198483,0.015353639078991923
s0325lre_96,0.014153339137224887,-0.014208916775172198,0.0339223970064828,-0.011301223521297046,0.013615401718693637,0.033637688572679666,0.028382640793019154,0.026802557044757064,0.07521606591282412,0.014496877881585955
s0325lre_97,0.010353352561754526,-0.01591095068802202,0.02460096596942235,-0.015921135068044906,0.0069522774048071416,0.02643573490558555,0.014600206034697655,0.031348096427942576,0.06026191878919242,0.013055206185049089
s0325lre_98,0.011182093732366082,-0.015022853979713282,0.026764816142649805,-0.013661866703050808,0.007546701196545431,0.02968191917040633,0.01844216742508679,0.028825646738303887,0.06544310720980183,0.013145472348267186
s0325lre_99,0.024566551391029794,0.009863170096648348,0.04379059537593775,-0.004196994966538645,0.015160493571709054,0.01333686042705443,-0.014119804746800423,-0.00910403585234539,0.005094456937841477,-0.03284383405485991
s0325lre_100,0.007301933929590192,0.009455158518020583,0.030935865035426,-0.022082169413093624,0.06894109123027255,-0.015035924314099601,0.08988439383993996,0.037985036855873004,0.05881634871040367,0.05693159229088002
s0325lre_101,0.022005381519689497,0.010288577582262806,0.04160041345239119,-0.002251935284953802,0.015457465483371286,0.015268354955264258,-0.014227347979537704,-0.004261466382913349,-0.0015942716340650708,-0.03157262679984511
s0325lre_102,0.008381778470245281,0.014831316338874119,0.03826598171574152,-0.020478462559021183,0.07946199090436254,-0.010160819774170786,0.09145724091265933,0.05078954879596236,0.04507788183188394,0.055200104511319674
s0325lre_103,0.0222204008922534,0.008040657598405157,0.04120930100252792,-0.003966386094175691,0.016754288135617305,0.014003270539287635,-0.01314536708095108,-0.003162240444818896,-0.004182114218380488,-0.03189419846494022
s0325lre_104,0.00813518051538656,0.011328335828796518,0.03536195456312875,-0.021520048067100492,0.07470231360435103,-0.006325508150965092,0.09492214088735425,0.052645839377109094,0.054481467555163234,0.05688983818528079
s0325lre_105,0.022621934610357462,0.012197937809535774,0.04348004261605794,-0.0030899946170170473,0.01512246022642848,0.013757098599402938,-0.015359213731016959,-0.005436629651735825,0.0032402139449352863,-0.030111492287647076
s0325lre_106,0.006994366751234604,0.008923306745096803,0.03096853021517778,-0.021349333190039003,0.06634933088891874,-0.014716396516836197,0.08847356990522458,0.03844918521912189,0.057571379492511364,0.05851154301616762
s0325lre_107,0.01038017970395843,-0.01526724346500128,0.02606982327336962,-0.01392198933202753,0.007242851783042332,0.029202413752367463,0.020216703986951332,0.030236606453076183,0.06893615159579529,0.015572822562476812
s0325lre_108,0.022185856018075358,0.012514541336325838,0.042322613575709815,-0.0014791488107824009,0.015125446497088309,0.015675502813528697,-0.016370000494680605,-0.00042580135673287166,-0.00245270841773358,-0.029941530775619472
s0325lre_109,0.008161557758615092,0.008168564959557983,0.03161196664839284,-0.023447906229880373,0.06772798399187047,-0.01688288405448177,0.08819808972982898,0.03779330151090624,0.057353782334190154,0.05800758834452877
s0325lre_110,0.0226531800200127,0.012737860232515169,0.041223648256232814,-0.0003286663286305854,0.01639964365301194,0.016864844632882812,-0.014842614309879978,-0.002063121455881611,-0.005382428995071368,-0.03195385954202151
s0325lre_111,0.007418147008546771,0.008386915872225835,0.03219448398548911,-0.023316297167504267,0.06864659226609783,-0.02029774694248192,0.0869982601998471,0.03038006563288484,0.05713520990033226,0.055175181424932
s0325lre_112,0.02222564356727145,0.010477226540265954,0.04249898979616711,-0.0020024286615873627,0.018012081762384963,0.014595054917750747,-0.012870106165581442,-0.0024417223032932446,-0.002167624939901725,-0.03141234846348784
s0325lre_113,0.00597276061295465,0.006854545905395119,0.030432810480013135,-0.02355860477937993,0.06686881877311597,-0.017779931359873623,0.08946939507827815,0.033415720208453216,0.059088528201255645,0.0567678153880613
s0325lre_114,0.021651962548092128,0.01164912322440606,0.042394496027992244,-0.00034310001853652994,0.015512572731136915,0.016533280070838867,-0.015302053302199983,-0.0006428334117476083,-0.0017974015594363947,-0.029116372854855223
s0325lre_115,0.006555342200981555,0.009909136328606433,0.03427727099832216,-0.022226948547538185,0.073585148913324,-0.012233435461699391,0.09211963222426307,0.043041346200067526,0.054987823849150096,0.05696333773777222
s0325lre_116,0.02199747226338311,0.012362518200283066,0.04105622630384994,-0.0007001937596604694,0.016258554546104486,0.015745115547407474,-0.015394497192047486,-0.0008359798040005375,-0.006071308835957003,-0.031056805921279497
s0325lre_117,0.0071784057753700005,0.009789193989221368,0.03270069695584158,-0.02136770888484618,0.0731287791729058,-0.015970592382879806,0.09028540654901819,0.03862017551680445,0.055127962189405286,0.05806383038473762
s0325lre_118,0.012251620883417608,-0.016841293182825963,0.02762616811783806,-0.015872634895968973,0.00743154484405376,0.028178311110622058,0.018670725732147092,0.026940058756405892,0.06578715384262855,0.011237931031416027
s0325lre_119,0.009521097736549449,-0.016859332873222378,0.02185325784281377,-0.01681994621240447,0.0028603977375791807,0.024106720164472233,0.00897520279858826,0.0287031360136428,0.05644398810462148,0.010017087747612941
s0325lre_120,0.02245159310329424,0.01067911060652647,0.041801296022541734,-0.0035464571266188957,0.015180186595386575,0.014160879218532929,-0.015087243431614274,-0.004784696826664876,-0.00026472533200185575,-0.030760447781890857
s0325lre_121,0.007484595627496345,0.01096731692396121,0.03174015507944422,-0.022161491099391053,0.07164503015096635,-0.0140014972505791,0.09025502911753434,0.04562276160965604,0.053334595765380154,0.060010885253153
s0325lre_122,0.009616716264346957,-0.015377074911533018,0.021188700370595528,-0.015650599218252577,0.004617072583938022,0.025205317596164536,0.011024733078646827,0.028884458419226166,0.05628624712421648,0.010383611473244818
s0325lre_123,0.023006162035311483,0.010557688287416624,0.042183414968037826,-0.0014271006664396354,0.014929307653985728,0.014960489351793213,-0.015091615940264477,-0.003955933189993122,-0.0006220069360762776,-0.030697532430029515
s0325lre_124,0.02088772878037203,0.02811747548377477,0.04533971053081186,-0.01162660826212458,0.061083790824414896,-0.04091302480907737,0.04660146025353264,-0.039130453675628715,0.012397621429037416,0.005747352299943287
s0325lre_125,0.020021424075994207,0.02559869289166633,0.04425889311043964,-0.012916064121527585,0.059363137177908566,-0.040453358459545,0.04703267062425145,-0.04437409367653234,0.013819071717883996,-0.0011385826448954734
s0325lre_126,0.01883007211875054,0.025821173991895752,0.04596986218264989,-0.013652903154927476,0.059459555945281656,-0.04217360360627099,0.04712625220153031,-0.04002108177511468,0.015081364260669293,0.0031334873332463514
s0325lre_127,0.00623018358831169,0.01169984332871055,0.0329743519592498,-0.022797898365403566,0.07394606679533113,-0.012236632914304805,0.09197251362775848,0.04796652204528812,0.05057729253015341,0.06004242004023739
s0325lre_128,0.010075772144217385,-0.01555036868668365,0.024812180945078192,-0.014458039447182823,0.005962968875128813,0.026819424754431744,0.017339040645557045,0.027196128208045275,0.06562059840889894,0.011186561492185668
s0325lre_129,0.021529689243417714,0.011090757096278481,0.04196438303663552,-0.00111521841245057,0.015324669255650012,0.015328246557866184,-0.011965444558077801,-0.005726483124550634,0.002544819390400078,-0.03113872589369092
s0300lre_0,0.014649175208331745,-0.015255125344510552,0.034805152426788305,-0.011675584768804807,0.018979858360495976,0.04712510935488574,0.03836088049158054,0.05433735428870383,0.08915631586829942,0.01128767057243275
s0300lre_1,0.020264400488223172,0.010598750813896987,0.04025279484455968,-0.0007609864232002104,0.017843926000325423,0.019078339399637757,-0.020122681684482387,-0.003949653683386652,-0.018823194683854922,-0.037443072054340616
s0300lre_2,0.009224411665359929,0.006591534978051,0.03553244764047496,-0.02471997794869808,0.07772503710515702,-0.005341198525078987,0.1111585945456873,0.05568206170487649,0.07186286259230966,0.05429311455796416
s0300lre_3,0.010189211582132747,-0.01046145539000276,0.024611851804770095,-0.010802038443462043,0.010444792792693745,0.042210809756046276,0.02298519936070191,0.05927428175143695,0.07060715766534474,0.01656507795109598
s0300lre_4,0.012660992041254166,-0.013970952880508227,0.02971704062359418,-0.013030447931033093,0.013031408659268788,0.04174724048321295,0.026544278687869353,0.05124416748271342,0.07681421711441187,0.010895422673309863
s0300lre_5,0.013182894758599765,-0.011893216917215559,0.033307670395901656,-0.0106184071164137,0.017788693166502025,0.04635137839035119,0.037025059629563255,0.05345617875865929,0.08661518372421474,0.00996544683069546
s0300lre_6,0.016600713422925253,-0.012047644176174866,0.037110657029499984,-0.009380949706683364,0.023005175412250622,0.05318953011213548,0.049877558607806065,0.05547356392082537,0.0990667714814079,0.007806601896793009
s0300lre_7,0.02440197215450959,0.010093362297429008,0.043989033351816455,-0.0005691378134400089,0.017530455773319017,0.020133896304318784,-0.025047639496092552,-0.01570333813046557,-0.010845041328277441,-0.04334306984322966
s0300lre_8,0.022700433252382947,0.026598836030996387,0.048901050676977004,-0.013753659956254804,0.07071308722581893,-0.0435008637161407,0.04340402093438431,-0.05008032018927056,-0.002737383863315644,0.015769360487150656
s0300lre_9,0.01197742873303194,0.00860500204536135,0.04101880304743771,-0.025540300623789043,0.08547760710555123,-0.007299502804159081,0.11269792701150591,0.05743612710745224,0.06198614799493842,0.05229159827265622
s0300lre_10,0.012534703947737296,-0.012949643334311397,0.029791183784634082,-0.012922952355580327,0.014179145667960259,0.04335870365297879,0.02664668194502178,0.05607729994175477,0.07832417579181718,0.011215727195857767
s0300lre_11,0.021669138924333895,0.01380160408540072,0.042891265938523826,0.0014641240199738139,0.02172707000769626,0.021536782120369226,-0.017244106955810565,0.0030661633958180266,-0.0228355650335707,-0.03546885055588443
s0300lre_12,0.009788497326937573,0.004226138427181579,0.03435022407476577,-0.027862851577835537,0.07639655611493697,-0.014675748523904722,0.11255214104800525,0.04524728997683927,0.0782016121640572,0.05849795647864252
s0300lre_13,0.02224128041240956,0.016096745304917268,0.040432109454819475,0.0014853832337717516,0.01868540600564351,0.02130608156376476,-0.018222787198879282,0.004924752888251549,-0.021542950786025618,-0.03292616084364163
s0300lre_14,0.012176671530546971,0.005960200156247249,0.035853919499486596,-0.02573938018332526,0.0784555959325735,-0.012944201954111952,0.10831029201936573,0.04657997348386223,0.06800847939808788,0.058682009846481996
s0300lre_15,0.010161756660268613,-0.014004990587977474,0.02283965833388788,-0.014767842639246137,0.008956400810931716,0.03655092761853174,0.020294039148889425,0.0524776290292829,0.06905677563708613,0.01471707418006205
s0300lre_16,0.020595886556991887,0.012287508183560975,0.037991454928994126,-0.00035256454257921743,0.017873836143845516,0.019618182565023897,-0.018155953537998534,-0.0028370797273557396,-0.01891588693706338,-0.0380414492523981
s0300lre_17,0.02136583666674158,0.020941819624656514,0.045883840772633404,-0.01518496520701255,0.06559913995741634,-0.040641086559117634,0.04401521811239984,-0.049142750820018025,-0.0002553657379945551,0.005351030915431147
s0300lre_18,0.01132826838049666,0.00878668278232469,0.037631218144906886,-0.023424317921219587,0.08116099446022222,-0.0021115915768866503,0.10751071844210146,0.06276701011456676,0.058843326397373524,0.05443321062686995
s0300lre_19,0.013824973172798889,-0.012995060954467905,0.029727051937699898,-0.011887148638763138,0.015230483785627249,0.0427783002313807,0.035310428303368925,0.05150626918418759,0.08451077997099578,0.016159165954808544
s0300lre_20,0.02056519118296926,0.006246733447718101,0.03814317445363588,-0.0030596860779427354,0.017609674729520686,0.01697418070324,-0.01863248119270832,-0.010139878955280686,-0.013997462483354626,-0.0385836157580691
s0300lre_21,0.01803313005657955,0.022714737135759125,0.04355364242736468,-0.012511684586299443,0.06342188533872638,-0.03663040935197149,0.038335041171167934,-0.04402205149407127,-0.0047837824056466425,0.013539688156756652
s0300lre_22,0.01821011924579908,0.02084791399279104,0.04297395379452252,-0.013936454666245136,0.06073149866444771,-0.03754397612568102,0.03622459673889923,-0.04198458554163572,-0.004695743186043759,0.015304157220549649
s0300lre_23,0.010602833107869851,0.011143333987670293,0.03810150153476052,-0.020512536380965722,0.08115139910532146,0.0050514020591097405,0.10552892315062158,0.06782638555898862,0.05263876050487052,0.047397913727778504
s0300lre_24,0.014024098461206102,-0.01264903570795434,0.030366355717002753,-0.011329641023390796,0.016343609103460638,0.04290984103659032,0.037157475721293146,0.05462190509494629,0.0836870442846434,0.017789889352837613
s0300lre_25,0.020228162257974674,0.005963221488206009,0.036838469224636086,-0.00446889309342202,0.0162923380630532,0.016394743790142646,-0.018069486919249023,-0.010603431577182815,-0.015003928072785487,-0.039351399538908344
s0300lre_26,0.010599774797225138,0.007932158867674914,0.03745881450764385,-0.020322964438313742,0.07849074336447619,0.007684678055201819,0.10653051735207657,0.07216576011006455,0.05646337841563037,0.051080002077501706
s0300lre_27,0.010619473740817745,-0.012802139957189934,0.02944671177691253,-0.010584185088811048,0.014770591427177883,0.04199711713553392,0.033680865758389966,0.05104115375736565,0.07990893245021746,0.01668463333920296
s0300lre_28,0.01103947156439419,-0.011168537453491521,0.02959765163054514,-0.009807101115157334,0.015975109407093412,0.04363430436066034,0.03707161291526668,0.055973229037450375,0.08273894022637507,0.019474137973451225
s0300lre_29,0.012083083331484602,-0.010609661110735217,0.029198584738574868,-0.009349869563825854,0.016312521731714557,0.044830399428630506,0.03777036741610434,0.05730987062985725,0.08433122554131722,0.020305098084688732
s0300lre_30,0.01863405426004045,0.003185828176110262,0.03586864236663824,-0.006155248856859327,0.014602501648116247,0.01418991262395079,-0.019489428208676857,-0.011967374632622164,-0.012920682532770652,-0.03652271282277779
s0300lre_31,0.010136646751843902,0.011585408630373615,0.038083114886617433,-0.01888650245341316,0.07982216845356092,0.009767907912630117,0.1020207862301151,0.0726963320784825,0.04388402924747379,0.03995888627719238
s0300lre_32,0.02006540547411408,0.002226150654556892,0.03661582711455451,-0.007100369896777862,0.015443998172659474,0.013443092796094108,-0.01829641680551837,-0.01689403956145038,-0.008648922650834,-0.035960955511197164
s0300lre_33,0.010853712018578002,0.006845129970121351,0.03725718476457503,-0.020580743790625987,0.08314800219370092,0.014359032744860351,0.10500020200524356,0.07491415667287783,0.03859344984597093,0.02440973077311114
s0300lre_34,0.015973297088672556,-0.01074905369206612,0.03389733523140213,-0.008455696121106662,0.021989097496204,0.04901183826967627,0.04741833322477087,0.05830025160456011,0.09164792209237742,0.013617965659604759
s0300lre_35,0.015843923584261427,-0.010770336166053617,0.03378918052725506,-0.008939525174876325,0.01992278653581555,0.04710739657324369,0.04332410901056745,0.05554127339167867,0.08801689363714177,0.01567013228582798
s0300lre_36,0.018374568799616613,-0.010652075912379669,0.03681887510605831,-0.0074365938131199984,0.023307019088822687,0.04796803139042489,0.04794491186284413,0.05027715631759224,0.08888644166764272,0.012639629195599076
s0300lre_37,0.01921830399522492,-0.01002831228057486,0.03816991875061749,-0.008235864270662774,0.023779783916341873,0.04989298629591469,0.04957697208791119,0.05429639736444083,0.09025843363894498,0.010001729921328775
s0300lre_38,0.016906004694619337,-0.01275001415896194,0.03203993178580479,-0.010639125019471318,0.020277225135285952,0.04803471886290719,0.04485772994964969,0.05812671045235639,0.09252116735429956,0.01407685441661285
s0300lre_39,0.01894845710880699,0.0032923174396536736,0.03485440152353099,-0.005459372886534094,0.013202742862781709,0.01516728235235114,-0.023328796746863757,-0.01372744693511794,-0.0149686957799593,-0.03917287333878662
s0300lre_40,0.01723193037695861,0.026091350376390328,0.03900504671362095,-0.010480261508036789,0.057999983184384866,-0.035089150667310616,0.029985297045499897,-0.03604100784234681,-0.008601201889948187,0.029775519238482283
s0300lre_41,0.016879853610030842,0.025170936002889974,0.04009643803251777,-0.010541131438815736,0.05852324693508409,-0.035554721788313086,0.030813760629245394,-0.0360396937865923,-0.00799440105668794,0.028863395974027563
s0300lre_42,0.009247113356024097,0.010125607805413998,0.03437748817947683,-0.01974999040293439,0.07958918148824255,0.006437276602024664,0.10919015302701372,0.06953856959596821,0.05341270678151739,0.043784202352599125
s0300lre_43,0.019070312180686347,0.00890832155621716,0.034727500122123944,-0.0031000700373771763,0.015960561208977084,0.016738000839546793,-0.020777449221021812,-0.003037236080407165,-0.02150134795151513,-0.035604106235259954
s0300lre_44,0.019435296450628043,0.02157378954399285,0.039847266696373826,-0.01416722404302724,0.057517766621294444,-0.03770417299778462,0.037708802205812166,-0.04539331972026547,-0.002825017327865413,0.00821914083795892
s0300lre_45,0.01920524484652376,0.024033460800379363,0.03943483186287147,-0.01265633829944436,0.05929650009694231,-0.037712430090429364,0.03911581105727939,-0.04459809021883016,-0.0008519827628839341,0.010880706062984665
s0300lre_46,0.018107752265434523,0.021325433324342426,0.03996424753439942,-0.012968805958036393,0.05914572363633334,-0.03636363579941649,0.03758324541637615,-0.045254379163716094,-0.004339244253135523,0.008034916717897331
s0300lre_47,0.009322562129325165,0.009970877794770407,0.0353628218366472,-0.020488926995508017,0.07906512692076442,0.0017904746581870524,0.1107296196867248,0.06411154501102398,0.06312029706747463,0.049643320334361474
s0300lre_48,0.012573984524832991,-0.010946637844824058,0.028991804409844855,-0.009953159843219832,0.015937365972374707,0.043320957272875195,0.03094580874198712,0.05354236471790943,0.07855673732227048,0.013673703198547
s0300lre_49,0.012793886790655186,-0.012170715624991167,0.031365730683255356,-0.0108779735102218,0.017021969593000456,0.04396100311605289,0.036757066823327855,0.05388963435648884,0.08400031985328972,0.01562324260445348
s0300lre_50,0.012794973871614703,-0.011601197876691467,0.03160212036883254,-0.009654571429262114,0.018719499572713356,0.047503250065944976,0.04209921201600235,0.05562645788380465,0.08969161455319591,0.01665619432553037
s0300lre_51,0.014337653285911361,-0.01139645166021145,0.03401993465714385,-0.008748423609895117,0.020455507083911893,0.050734403966353675,0.04739342215189212,0.055205820710894034,0.09611414889292726,0.015967550177021766
s0300lre_52,0.021045497339672845,0.004900830281571959,0.03931942877203276,-0.006221180351681231,0.013634390450304837,0.014655688730309601,-0.02188629887523418,-0.016949391429110727,-0.0050859641346364705,-0.037033745547762086
s0300lre_53,0.009326631535895899,0.007173182251889292,0.037794463913071355,-0.0234376814302539,0.0873279714981192,0.010361256015258488,0.10997333288296889,0.07474528488476197,0.03906713698124899,0.02208455836285076
s0300lre_54,0.013197273250761633,-0.010266750883271341,0.03182839068642135,-0.00912314719669145,0.018636819824654847,0.04881726352745817,0.04203289957578444,0.059168016847472416,0.08868453546455311,0.016723877230119946
s0300lre_55,0.012326379406044157,-0.011671036791903611,0.029291215547640307,-0.010587059989783385,0.016593927059865565,0.04454738628873183,0.036124129679967004,0.058360849553466106,0.08495005610448361,0.01976477613084
s0300lre_56,0.013024872649820707,-0.01122589637217439,0.03156801477359941,-0.009889790908381959,0.01723285045787741,0.04357363792955981,0.035300816541730465,0.0512127306719275,0.08203785949415025,0.01447723173536398
s0300lre_57,0.013361625533654388,-0.009528315732943103,0.0328255960420602,-0.009540455131848693,0.020202165134024022,0.04633451609221443,0.03958515808455623,0.05567991823436217,0.08396071994028545,0.013633316839333994
s0300lre_58,0.02025770026984948,0.007830080612909922,0.03420647533352201,-0.004530210728352156,0.016307013962724853,0.015715557392731023,-0.020206533539458036,-0.005047221864543147,-0.01973410398449181,-0.034842331774382736
s0300lre_59,0.011802775269346776,0.009796809729950898,0.03490765182143888,-0.019220107700721294,0.07695768115303188,0.0028057833948019173,0.1080657686063284,0.06120371108827639,0.06443051911427229,0.04977393220869561
s0300lre_60,0.0110034003135517,-0.010409378010950932,0.024909224372105538,-0.010881372273803607,0.01325353308275078,0.040568401594822605,0.02466151526835362,0.057349486481411395,0.0698174277927085,0.02002607609076685
s0300lre_61,0.014390673501445895,-0.011471801396822036,0.03110144886246738,-0.01010752555558119,0.017215524357819097,0.04329494003537429,0.0345286907024324,0.051091556180248354,0.08095525347082821,0.013877884004274364
s0300lre_62,0.02107119150320916,0.005986111876270721,0.0374878100125554,-0.00737719082809043,0.014227641486390321,0.014065762831475807,-0.022107134104687506,-0.014182578959818582,-0.011689043624410799,-0.03727847088955911
s0300lre_63,0.011344789167888641,0.008406232748226607,0.03480899289957464,-0.020846442350566517,0.08406168647522388,0.008828957778700713,0.10919649089480978,0.07590661751670381,0.04706349480604653,0.033538109871637634
s0300lre_64,0.015124413613928966,-0.01145329215124444,0.036792704150551594,-0.009157540128293472,0.02368716261082959,0.051663918527073076,0.049070035612653135,0.056777488463710814,0.09482866476352299,0.008004657626909783
s0300lre_65,0.015212028533384398,-0.010930957896373394,0.03518828631240286,-0.00982871834312399,0.0221136718775941,0.051082634203426056,0.044095336239362376,0.05885457190345017,0.0909875366741236,0.007828875184272045
s0300lre_66,0.015922339508154245,-0.013027554735023794,0.03789898061556598,-0.008516165335819581,0.02314180957688315,0.05224888519912596,0.04781447575774086,0.05476574707822503,0.09496996620241811,0.009631020234155453
s0300lre_67,0.016538875521969802,-0.01125962191580255,0.03773375317539768,-0.009326799371881566,0.024017657937142962,0.051328240945136425,0.04909315502286743,0.05531665063641364,0.09436093310188644,0.007830981540791414
s0300lre_68,0.014767676319863001,-0.010893616543101036,0.035004183000103675,-0.00955584082753041,0.023552331838797264,0.049632223152900105,0.043013796200295974,0.05739984728218467,0.08779162773186897,0.005823355111081376
s0300lre_69,0.014696311737554027,-0.008352612313660426,0.029448048321619607,-0.009994742506245415,0.01707722483354871,0.04718731924456231,0.03333888922658538,0.06347368950838679,0.08065543516917051,0.012712950569528949
s0300lre_70,0.015938092085188153,-0.012030783609960944,0.030848988278678453,-0.00958320152017601,0.017045777788773864,0.0443645876092351,0.03154737523990833,0.055185818638605326,0.07884625677092566,0.011737613711765283
s0300lre_71,0.020489983186413378,0.004262922577455509,0.037561439884620726,-0.007055263354540678,0.014502994292493476,0.014708235496472847,-0.02192579537354263,-0.00923564189475659,-0.014991988162236531,-0.03758761242745889
s0300lre_72,0.017892452735691275,0.02461650240549234,0.0400697287813034,-0.010684974249773046,0.05868052819505753,-0.03446096279225044,0.03321689391988455,-0.03764076183845394,-0.007985986168151315,0.019146801818531612
s0300lre_73,0.016928068351296368,0.022326176075786967,0.041218013359612206,-0.013084890938474633,0.06090025428525246,-0.037101958160233844,0.03308214657957409,-0.04004420742560851,-0.008600187794371125,0.01862133043820077
s0300lre_74,0.00834963124075613,0.009154536515798319,0.03897063255639512,-0.021321574445108685,0.08501180960734629,0.007507851689355535,0.10982265681737166,0.0713174514081634,0.050634570462452726,0.036015659617781075
s0300lre_75,0.014552674976071768,-0.009387612493923156,0.03433726414746469,-0.009063897329438226,0.020623980739443614,0.04926794068908773,0.04000067404016228,0.05680227296766335,0.08643468684235454,0.011871714271055638
s0300lre_76,0.01738397949961991,-0.011660696524104152,0.03817295963405179,-0.008157461777774768,0.02311524576023867,0.05049241809644652,0.04531396679747217,0.051022411084289,0.09201505057650662,0.00878773836234073
s0300lre_77,0.017578556269414194,-0.012429854400771758,0.04023485242531314,-0.00846914429632159,0.024062662658702057,0.052108585811953906,0.049500296042596696,0.049375097820895136,0.0951937978734004,0.008870084526256948
s0300lre_78,0.018402071093324562,-0.012190078031391213,0.037550919668511144,-0.009045210334275229,0.02444362464894813,0.05250779619837208,0.052617499637737125,0.052200911979176805,0.09579926560235036,0.009285293807223906
s0300lre_79,0.016571734014258516,-0.011541680020182013,0.03709484429268395,-0.00711695664352353,0.0253090506704725,0.05239737694030984,0.04933699502609792,0.055245280363746825,0.09306844753057546,0.005788041615594863
s0300lre_80,0.015582026370379632,-0.01126224192221004,0.03470876815561723,-0.008693403417599362,0.021966577529634657,0.052344149429294086,0.04698121213350881,0.057159577470468556,0.09251461476974061,0.008713805984456124
s0300lre_81,0.013711398231068388,-0.0130776999290085,0.03595088793326367,-0.008071669642799501,0.020351351888107754,0.04894328372326507,0.04266109741772478,0.05373584636071728,0.09058239749400654,0.010063914367713879
s0300lre_82,0.013034336537786266,-0.011200431591272632,0.036573346089918454,-0.009886214582676047,0.022925129236853175,0.049928622886002534,0.04722357989548343,0.05502068470819971,0.0921996842802007,0.00907106845788343
s0300lre_83,0.012708528607310643,-0.010157003738740402,0.03216526123270067,-0.00838668522469826,0.020038082862834348,0.04852984777167828,0.040216163803203746,0.05780075089960281,0.08455428610407908,0.008309979411330961
s0300lre_84,0.011317270071395576,-0.009820459722328482,0.029064096299151618,-0.009283455458907769,0.017270983625096627,0.04660960724003438,0.034020156562536874,0.06227362937718203,0.0805458340644079,0.013602152490014442
s0300lre_85,0.021343741170273437,0.008134699950421612,0.03705099561905252,-0.0053189775892989975,0.014673195729199657,0.015247770037619372,-0.022084751193994438,-0.005569756562595429,-0.01745356778139899,-0.036404589343927464
s0300lre_86,0.012287449674819277,0.010338284427598803,0.03721736565392018,-0.020174496631869463,0.08195628812617457,0.003980312017106935,0.1063979565754734,0.06531094555241808,0.04887093764391589,0.040418390058081725
s0300lre_87,0.015839040615812944,-0.012364810547009381,0.03472878022830119,-0.009282410519371231,0.021590705327363246,0.04700256643981717,0.03875095618506256,0.05429117769267671,0.08378105965054958,0.010054026326201138
s0300lre_88,0.013290268755627374,-0.012060266696597483,0.03204998780384964,-0.010719817735723253,0.019428000924215358,0.04569015600729644,0.035338671767630156,0.05626525622182148,0.07965060316199157,0.008703276411450212
s0300lre_89,0.01309889757018658,-0.009078972520382455,0.031161968702035615,-0.008998609735915507,0.02022230728267866,0.0484446673209426,0.0363361726692987,0.06025741233788469,0.08131422501720077,0.008502638256295773
s0300lre_90,0.014731483305368843,-0.009046262202991363,0.033034502477503745,-0.009330617383982763,0.02085905331366615,0.048637260552846846,0.03720302189863642,0.05805916954734452,0.08142696196338224,0.007201840719552822
s0300lre_91,0.017338955605899688,-0.011475960305472538,0.03661709615800042,-0.009360897835981888,0.02302490764273272,0.04929972811474564,0.0410852869421881,0.05271916492155522,0.08723615020471037,0.006268324382719577
s0300lre_92,0.016776034274381946,-0.013244794151457656,0.036190903057354916,-0.010963417427245686,0.022673948356659583,0.05034514315349063,0.045259935856250745,0.05551004596395455,0.09135257290590466,0.006075406413432821
s0300lre_93,0.01575709954402466,-0.010245727145806334,0.0346550044002803,-0.009470078430339235,0.021794581167857426,0.051807504225760984,0.044390549456994076,0.05860965257268735,0.09229170714811515,0.005284937940593197
s0300lre_94,0.015087075582073551,-0.00964686949785513,0.03388303714746181,-0.009804019462813717,0.02065717698254501,0.05056765209349121,0.03855925636943634,0.05956143447696195,0.08690357596976246,0.006393380853863323
s0300lre_95,0.022099550850549644,0.005908885772252033,0.03897654039404441,-0.0057918928346681305,0.015481017261504559,0.015994734098064563,-0.023608909907035205,-0.010808957960090942,-0.012399489870345884,-0.03909422168615913
s0300lre_96,0.019105487122450977,0.027145042713332013,0.04299665019641037,-0.010243212221232006,0.06283713514157235,-0.03677289164836514,0.033633693273461426,-0.03997855786149866,-0.00896021627535834,0.0235662734353581
s0300lre_97,0.019784183299011566,0.023640888631063627,0.042523596697355004,-0.012915752972620119,0.06354603984553253,-0.039210185485881635,0.03736011543636768,-0.0455466685813823,-0.006367610280325992,0.012884975706768104
s0300lre_98,0.011847151515808006,0.009669088734762516,0.036219534751599614,-0.021608726865428203,0.07959153690716946,-0.0007693225930442612,0.1081650816534552,0.06246427869463594,0.06272731349961946,0.053547208667623435
s0300lre_99,0.013465714209217173,-0.011164643467674845,0.029072925280849635,-0.010393220265045001,0.015070295824118347,0.043116189068030594,0.02764236388263186,0.054658992180934896,0.07589225115665091,0.014053107101324454
s0300lre_100,0.013384625563315418,-0.011777651381637704,0.033053230429624714,-0.01092526751306535,0.01809903514197264,0.04455140060929767,0.03273751987997388,0.0525849930847711,0.0809752926040115,0.012380926018078973
s0300lre_101,0.014851613530979088,-0.011426177631915509,0.03201535286500638,-0.010007189485627932,0.019373718330050287,0.04657276575633853,0.03919018493789608,0.05463278743870204,0.0858722206587702,0.0122305756404403
s0300lre_102,0.013933601362697565,-0.009562161416702873,0.03347349676691903,-0.00817001615740673,0.02071918221278809,0.05028508339635573,0.041459780985503146,0.056401331225181,0.08766612399289395,0.009683420111316237
s0300lre_103,0.01531018959910983,-0.011471640782214998,0.0349934681179033,-0.008513074221699234,0.022113715378855318,0.050758651760279674,0.043611985353268934,0.05739192504331237,0.08835060173606787,0.008854844147855534
s0300lre_104,0.0201242188542599,0.006670036728272084,0.038457566437497266,-0.004089213080682683,0.015063430925009705,0.016747315870337186,-0.02288504882046742,-0.007852965841070026,-0.01554608191168418,-0.03713853517199382
s0300lre_105,0.009528550876238648,0.008178767898744155,0.03998119972924215,-0.02313109076907523,0.08532980306695442,0.0049857262379370835,0.10870146832730589,0.06685121190194286,0.04756405362440002,0.034886805986050096
s0300lre_106,0.0196093642468001,0.006710646649957446,0.03791279926806684,-0.004663037252518064,0.015966525418717414,0.01576556334137166,-0.021767018875319837,-0.009458900024098195,-0.013512013389456961,-0.037314640248518445
s0300lre_107,0.01008477514924228,0.008760063067031355,0.03686804753046234,-0.02036078219817126,0.07980311214493123,0.0016986215008827805,0.10831618474266819,0.06256821589445004,0.05906531603995715,0.04361977399915576
s0300lre_108,0.01933220301286531,0.009012427913782048,0.03621446343433483,-0.0030009322627226275,0.016771839507850054,0.016884401752392864,-0.018946871822656565,-0.003622430567661339,-0.020510527678169903,-0.03606134330985323
s0300lre_109,0.01036058217351616,0.009837737653476458,0.03445207351826227,-0.019857190904428133,0.07408301599930374,-0.0021259617063326868,0.1043057116868989,0.05676447629439513,0.06658630532270991,0.05582014140053664
s0300lre_110,0.01954633174356145,0.005418063756768036,0.03717862619611828,-0.005271260764518484,0.014361958225881134,0.0150566909939951,-0.02116887656529243,-0.006818176498296618,-0.014107492901222374,-0.035449027289280774
s0300lre_111,0.0106585595846273,0.011535511129339955,0.038292239604747695,-0.020210391262235818,0.0840583091199485,0.005934104213490689,0.10989832820232341,0.06584970416349255,0.04982819426041198,0.03465104565839831
s0300lre_112,0.015868995599043097,-0.010698463303833837,0.032557314941914516,-0.009460173307220323,0.020946614621490025,0.047370539666715616,0.03823253942342233,0.057507489443682544,0.08315926298204387,0.009379124851367875
s0300lre_113,0.02168810960196165,0.007444143030047243,0.03745987048099163,-0.005038216775103229,0.01601024474689,0.016348281070967835,-0.023575159893091734,-0.011490436627525127,-0.016750186413359826,-0.0389256181850251
s0300lre_114,0.012331808416348471,0.009208806430721124,0.03947210489785331,-0.022575347994190222,0.08918124891285438,0.003968714370121878,0.1151182181310919,0.06721163249497863,0.04794503722041377,0.03264156951019126
s0300lre_115,0.017230919668770963,-0.012579829259739588,0.03596178975005863,-0.009275253698921298,0.022027230652342477,0.0500554746397799,0.04065342354820715,0.054793778430481443,0.08804032721914985,0.006748144896098636
s0300lre_116,0.015951595409294337,-0.01189592625420084,0.03516049870703695,-0.01136978326138909,0.021365361402623635,0.050135143787431335,0.04109717083463528,0.05752959176021354,0.08822680541430203,0.007300204362565782
s0300lre_117,0.02016162268510484,0.008209946663875502,0.0369340947775913,-0.003974825980768254,0.016146286480002336,0.01755478510544161,-0.023862957057222696,-0.006164692037771966,-0.02121322602935283,-0.039136756189574545
s0300lre_118,0.019762169524497393,0.023290451713713155,0.040807482277049875,-0.014546739237474796,0.060546297920967766,-0.04043349194522153,0.03894006114814221,-0.04625799872920666,-0.004258271118961877,0.009770101910015986
s0300lre_119,0.011546640805514537,0.010186971962919764,0.037023248592283356,-0.019490067170690302,0.0819350083718006,0.001602086938634558,0.1082232663663983,0.06243767932366685,0.05336477023940168,0.04470763104854006
s0300lre_120,0.013525301792977113,-0.01023894000543894,0.030701583820184068,-0.010986226274145954,0.01897815479263638,0.04563647325821055,0.03385073187727461,0.05977734192250339,0.07948762854049464,0.010328825688066196
s0300lre_121,0.013306197529830782,-0.010228755955825612,0.028936368236684187,-0.011513304194463718,0.016396973735634347,0.046404952126784874,0.031005904038089976,0.06259740427942238,0.07979051460762922,0.014114647218834273
s0300lre_122,0.01558422853696613,-0.009470713194165852,0.03192456792564968,-0.010216084769316909,0.01886534023199065,0.0476938132297572,0.033493420820331535,0.05828947960692608,0.0799080425010544,0.008213730450085697
s0300lre_123,0.022333910135534783,0.005999026920235879,0.03974830297011378,-0.005532746411585807,0.014817713827370814,0.014816751092700175,-0.024303789830017034,-0.008466660244789115,-0.01315827472928057,-0.0388520327769282
s0300lre_124,0.017247013470223282,0.026842177402570604,0.04102463365675627,-0.01224921043307088,0.06303785212571571,-0.037446426898363784,0.0344205787784975,-0.036462409336406536,-0.010989761989364173,0.025325889029588416
s0300lre_125,0.018681895829587916,0.02755698853337419,0.04096546284821851,-0.010582020693037547,0.06183942072410418,-0.03664888949931362,0.03211804504035068,-0.03910676251242491,-0.008218737378276542,0.028367595925772784
s0300lre_126,0.016813712443409727,0.02585034259271434,0.041473169696056134,-0.012175074269046352,0.0621750208385517,-0.03847817056096952,0.0335435168707377,-0.04119573589077489,-0.006862817008413395,0.02219516836852547
s0300lre_127,0.017314652397302482,0.025198314587031097,0.04114399389851745,-0.0127949473066763,0.06075728640951109,-0.03848845155606897,0.03518171871483423,-0.03849669805657936,-0.005799037010305629,0.02123846695541944
s0300lre_128,0.009313776457174015,0.010735878867737232,0.037547175673015146,-0.021690679440250996,0.08506423190234431,0.004259407802727765,0.11104779383470764,0.06632233725912443,0.05119406172786071,0.0347328124959854
s0300lre_129,0.011916646875988214,-0.00968375089689743,0.028249322894028643,-0.010306439927597113,0.016106255964469057,0.045836234217527125,0.03023948455864526,0.06088413342231937,0.07665066719586022,0.013874838802962072
s0300lre_130,0.011351927379594316,-0.009615273847600737,0.026083512352410035,-0.010735971879351934,0.013445111861982773,0.04436854623026955,0.02490462119261375,0.0614283270391368,0.0732211246484716,0.01725755996286732
s0300lre_131,0.01299791090130658,-0.011093864261484822,0.02964973420358364,-0.010609952971440705,0.016031758274731956,0.042619129420319646,0.027370248205337743,0.05426344995238778,0.07470285690176887,0.010494013782278273
s0300lre_132,0.01309507900885713,-0.011306084885568909,0.03176580729098228,-0.010886160179535172,0.016628768149596358,0.04568989062401374,0.03210707764546118,0.05546883695954916,0.0799954485653749,0.010029030007002828
s0300lre_133,0.011684509892617075,-0.010695437896770781,0.029782668561760657,-0.010653158707118592,0.016758907493071674,0.0451799381905274,0.030797237642413343,0.058118436158340336,0.07699511719968045,0.012255320973892751
s0300lre_134,0.010558948855766954,-0.01003578391736011,0.028152978729654516,-0.010853615994382056,0.014721440431689449,0.04500675458518963,0.029467532609999597,0.05962010922434158,0.07760062049052313,0.015069404237709694
s0300lre_135,0.011780308164972431,-0.009173752542887178,0.02920382080395724,-0.010018328725210222,0.01577394915066397,0.0445886485096919,0.02915859277918741,0.05804131660363948,0.07601351898006212,0.014747841697903453
s0300lre_136,0.020740359697552897,0.007274003418273142,0.039325266047490225,-0.005066793948829233,0.016455186819328133,0.01614122388000372,-0.021787332651451958,-0.00800919874524105,-0.013081814929371752,-0.03685845140491595
s0300lre_137,0.01082698891142413,0.009471759559811402,0.03837137684889398,-0.022887552791157402,0.08658794517502037,0.003701375339620647,0.11210124976971396,0.06592436064562741,0.051013713771692025,0.0350153204585934
s0300lre_138,0.0137195628124419,-0.009442609128529702,0.028939570425898325,-0.011013655424312678,0.01678848224561864,0.044372394379939804,0.030614157618050215,0.05880737869299969,0.07640856558362874,0.013646719544980004
s0300lre_139,0.01382283870701913,-0.008978995725615795,0.02638104838421212,-0.010908275676188515,0.0159366226985214,0.043651619888671334,0.02716702151679909,0.061131528831360527,0.07343299895288552,0.015992757875514494
s0300lre_140,0.012226610671402294,-0.009572125159868508,0.025115450433923197,-0.012780445034938897,0.013221613379970507,0.04045543219621123,0.02024437256083542,0.06015084743331032,0.06634814879558104,0.018216875285938995
s0300lre_141,0.02029693126640605,0.00623872663326916,0.03765163952885597,-0.005049245853535552,0.01592098284359209,0.016165197073241558,-0.02076115749268272,-0.004692745213643738,-0.016803535993039027,-0.03560667422309984
s0300lre_142,0.010319210503720389,0.009884702306509093,0.036274125477833846,-0.020933198963242125,0.08009757205288454,0.0026794088434794194,0.10800296650359188,0.062386756823366724,0.05547099135064083,0.043769023894276865
s0300lre_143,0.011892174393560136,-0.01066155991418589,0.029298411832991474,-0.011098094197714183,0.016550435915690918,0.04521558369841135,0.03223140950240508,0.05845220105668577,0.07916333662043659,0.011704133069688344
s0300lre_144,0.012252514642722166,-0.010225720154320385,0.030590923841119094,-0.010664395073525354,0.01558795424676491,0.046047560709541115,0.031657339431484625,0.05885705988329698,0.0796456716750914,0.01208334643761487
s0300lre_145,0.02136147556125599,0.006501385567293062,0.038491457683905786,-0.004317763067188597,0.014610566065404803,0.01618568253629029,-0.023182245782673378,-0.0069589181775863125,-0.016519851704100235,-0.03721783239384938
s0324lre_0,0.03364400998670584,-0.009901086155594546,0.07019192412480003,-0.0320647852156211,0.06307933135830927,-0.04613661339950741,0.07407955426183481,-0.10309479631385217,0.07547679975390671,-0.09789332313544165
s0324lre_1,0.009947778286123591,0.00623567396175813,0.03813103246692157,-0.031042347168404594,0.0840807150539723,-0.020406390857782043,0.11958045095814972,0.0460488223020135,0.08361247629168661,0.0651562914448469
s0324lre_2,0.026416018128793323,0.016920828215615524,0.04980509323368524,0.0021896590897230502,0.019817448527135722,0.022911160475520834,-0.019230992164471994,-0.005297722880948356,-0.00973320341591094,-0.04166776608989252
s0324lre_3,0.009734050771141688,0.004845754643192673,0.03761949939782992,-0.03267268191135248,0.08278549398131091,-0.02292430617429087,0.11880714611015625,0.04427488742583942,0.08372688295795896,0.06795414694740896
s0324lre_4,0.00850527599900051,-0.018569165254219713,0.018999639802431297,-0.018891501973948746,0.00038405976900309424,0.03212907819101759,0.009863163577198244,0.04779789997173352,0.0660424298843898,0.017749715163264672
s0324lre_5,0.026002354449013547,0.017586255826515365,0.048220176950912484,0.0037659822602388805,0.019851521018938136,0.024089488375800175,-0.01796679405758953,0.0009029503558563685,-0.012583252125679968,-0.03910270790795486
s0324lre_6,0.010777214406008765,0.007003480788282164,0.038329789570110157,-0.030822069500502983,0.08478876594169166,-0.020940914866997902,0.1196173468467194,0.04197499248772729,0.0838697412918209,0.06391741810690471
s0324lre_7,0.025520068393611865,0.01682239827826291,0.04755199232927648,0.0036990037288562026,0.02210181462404841,0.023068299010287712,-0.017067621662889557,0.0029533747890743037,-0.016255835115356172,-0.036392228925177954
s0324lre_8,0.010187854518930024,0.005552228488463894,0.038708384594825555,-0.030121578269029316,0.08460317709983019,-0.021160292670322742,0.11768043932170388,0.040187640637637266,0.08193456209459836,0.062205944987193874
s0324lre_9,0.026044679682156093,0.014583163658147102,0.04858021410614827,0.0005937543289954845,0.01964337052362931,0.02200285812288322,-0.01969313307187531,-0.003970042888945467,-0.010414952127232787,-0.04082914319062022
s0324lre_10,0.024097406234919707,0.027580507699076752,0.052650890347831776,-0.01450738963125901,0.07295670973654272,-0.046562296095220154,0.05669024573592766,-0.05925841450292734,0.013378058628805712,-0.009575909471031225
s0324lre_11,0.010558773742203697,0.004679991710243705,0.03896834603050531,-0.03067870439266329,0.08410539437728586,-0.018455811801322202,0.11754815485893044,0.04434131507177406,0.08300769925754042,0.06344469174672947
s0324lre_12,0.010792110803134802,-0.01782112944358914,0.026539086823628603,-0.016291406149385006,0.006142502954594224,0.037180340025771245,0.020015565226359226,0.04456252243009312,0.0799735683169479,0.015278882656216328
s0324lre_13,0.02475480393975111,0.014208034509260462,0.04646527272929981,0.0006489163832262201,0.021114892638332824,0.021269274990583998,-0.01693871552087137,-0.0007505259595048155,-0.01309311378706054,-0.03879661075858928
s0324lre_14,0.010037823613229436,0.006248352829561369,0.03872547401457111,-0.029993107752662528,0.08431914172059435,-0.0173153399477636,0.116457389881798,0.049137444384591784,0.08049425750952446,0.06636073552442272
s0324lre_15,0.01048894933396209,-0.017348154401531694,0.02541337253760125,-0.01715202602618887,0.005692179444774815,0.03762537338322907,0.01921073604579037,0.046326482722483714,0.07731367401386505,0.01461378462142781
s0324lre_16,0.02503362950683691,0.014532858742928463,0.0466538196450605,0.001273029336448698,0.01997943269902081,0.022012367069798026,-0.018466340664995546,-0.004002955632522379,-0.012085564475075293,-0.04066456349270214
s0324lre_17,0.008994730091977267,0.0040433815986449665,0.036914963471089544,-0.031154890764630863,0.08400530326314,-0.018987243841624844,0.11959289152700757,0.04610008912360546,0.08313606884537668,0.06345371172864459
s0324lre_18,0.024780456908733303,0.017421782113620648,0.047058753113899864,0.002459087053219344,0.0199647060907859,0.023301711345383898,-0.018990386984267985,-0.0005072842283307369,-0.013154410453173214,-0.03769488923658407
s0324lre_19,0.024287315982619108,0.02959909043205801,0.05387273018294064,-0.015976211723996787,0.07509427794536425,-0.049853238488297494,0.05795754528786069,-0.06003313448434362,0.013816232312876734,-0.004311454098920551
s0324lre_20,0.009374350134506692,0.006067200167911515,0.03826223679111875,-0.030987511648148988,0.08473541295136289,-0.018289704475085537,0.11965674548853052,0.04701305313157774,0.07847848988356719,0.06276878362227503
s0324lre_21,0.02432365811596155,0.01754790992046284,0.04564701922700508,0.0031647733534496472,0.02083865400473609,0.024300938110541594,-0.018807639126581024,0.0037944499628752835,-0.01738809036573889,-0.03543276708052052
s0324lre_22,0.009738431197088067,0.005455015618057558,0.038039600589195664,-0.03142073422999407,0.08533781366708856,-0.0207100089867512,0.11608615534452597,0.04662948031183104,0.08036695987124691,0.06689934969484562
s0324lre_23,0.010409227905731375,-0.016787501911164755,0.024085616454359415,-0.017984002339371252,0.0034927645100252098,0.03606065012656109,0.01621657854249721,0.04687355160170224,0.0766800886184987,0.01576185433802519
s0324lre_24,0.00943321046378284,-0.016337514363539453,0.022645775364885698,-0.01659943209859901,0.004539977442906555,0.03547263103635562,0.015449468708214025,0.048672168058693996,0.07243366189629843,0.016465366004258974
s0324lre_25,0.009296928502442956,-0.017762455057764543,0.023396243086305266,-0.019422779653383612,0.003589956435281661,0.03498726600459479,0.014505867442240424,0.0475508973643869,0.06983854601846645,0.015647076515180516
s0324lre_26,0.01264430322721268,-0.01757367580765165,0.029242412577235404,-0.015058743601277335,0.008292790166904623,0.03957021294395881,0.02491720631813306,0.04416194666241531,0.08388219401856023,0.016017689091536003
s0324lre_27,0.009987390427578463,-0.018386430548628173,0.023563899436645226,-0.018134534781608494,0.00362669618474221,0.03558183778568707,0.01624148840635911,0.04721757627939379,0.07538204156679648,0.01669432183309524
s0324lre_28,0.00952326094785557,-0.016211379974112143,0.023244275003403158,-0.015242724076669757,0.0047306915162425535,0.03845297039310019,0.016965440616976916,0.048654906431495254,0.0748500410292388,0.01590268509972149
s0324lre_29,0.010607780644617525,-0.01728458140721874,0.025148423794012834,-0.01637216409735534,0.005912890525627091,0.03735576455554309,0.016656154278149225,0.046682409776501343,0.07347770908894516,0.013399411674199585
s0324lre_30,0.026757923734133122,0.016407214859068292,0.04865419004626913,0.0017956802624807951,0.020231537309929208,0.022853730952512512,-0.018143866639409874,-0.0016725916581618368,-0.01282398337807913,-0.04052091989967488
s0324lre_31,0.025655390279431322,0.028842618878412753,0.054284583704243716,-0.014902974774890908,0.07310516920961861,-0.04721905488836681,0.05756798064563505,-0.06060401570558505,0.015067776608581444,-0.011220722775382951
s0324lre_32,0.024748640048225676,0.027779256527464893,0.05377364316470765,-0.014525300008124697,0.07341943085867067,-0.04727382203904874,0.059765402118316324,-0.06119855325968708,0.01567173824807698,-0.014002776470821663
s0324lre_33,0.010728576807122652,0.007822176489205926,0.042552931585537496,-0.032021231767231303,0.09195788196245204,-0.016657798543721146,0.12232808081998889,0.054122337502389435,0.07760419000254534,0.06749965529305316
s0324lre_34,0.02525154175134255,0.016513696481860147,0.047946028854576765,0.002370746244328362,0.02123817716388322,0.022171049659089274,-0.01730647946482174,0.0005727983454028125,-0.014017593406472456,-0.039765581581565054
s0324lre_35,0.025207737514878197,0.031003097334253608,0.05571268653956915,-0.013998581791282964,0.07596591164971495,-0.04926217746449981,0.05748640783424075,-0.061079153214690186,0.014216514283061558,-0.004850184525570936
s0324lre_36,0.011020723693695623,0.007268325348802104,0.042131319731193294,-0.030799805757562214,0.09186399858340386,-0.018254942279559393,0.12153320563420343,0.051186644394267726,0.077587282649297,0.06503956177526513
s0324lre_37,0.026220021342361587,0.015628278250249244,0.04837058206019256,0.001424761772076513,0.021679247823036398,0.024493879080825315,-0.018038342238994115,-0.0013279190375772086,-0.012714676688093387,-0.03984966771158081
s0324lre_38,0.02439441998057743,0.028741247882633696,0.053580912027646074,-0.014269574051087324,0.07396570425793103,-0.046978711576011314,0.05918532159191046,-0.06450253685232937,0.01688520538406299,-0.015985208455722683
s0324lre_39,0.024455353815839638,0.028803903220657942,0.054575152644990535,-0.014654863613343581,0.07460220559111183,-0.04779796276147358,0.059616661394327114,-0.06121765832327866,0.01678425642817418,-0.014851530486047908
s0324lre_40,0.010567108871247746,0.009142550931182077,0.04355159075037564,-0.031692125396167656,0.09361633110121502,-0.015979617611212936,0.12406511478211717,0.05758024200183376,0.07450294601952624,0.06676054692194584
s0324lre_41,0.010202440971647686,-0.017245862672608334,0.02575394050607284,-0.01829311742871136,0.00661151420923499,0.03626345711098211,0.017482601383790927,0.04659384186560071,0.07693234869490999,0.014227714047460762
s0324lre_42,0.02651973181851434,0.01666913669078366,0.04915343068439702,0.0019517201482872923,0.021557457107127063,0.023045729182702007,-0.01929956563311967,-0.00406071449547213,-0.00970347386927751,-0.04160379219719787
s0324lre_43,0.011148942138530226,0.007426998505412411,0.04555529966026556,-0.03199318305542977,0.0948942638547251,-0.01906980286523547,0.12445722571524834,0.05228329290678398,0.07513461213921822,0.06252143813261812
s0324lre_44,0.011261324049280291,-0.018857285854192503,0.026330168562505005,-0.01783784062082557,0.0071180448164344795,0.03691345617147895,0.019631281113546315,0.04672753202023293,0.07839208847633705,0.014753533694139101
s0324lre_45,0.009722489885435318,-0.017353127577978328,0.024882600434725014,-0.01746521977044261,0.005858523285546226,0.03771522833378085,0.017342074441230454,0.04869528566274863,0.07662755918936862,0.015633620774290733
s0324lre_46,0.009215979205250727,-0.017210099859656835,0.022330024629939518,-0.01877094630013467,0.0022823540650400735,0.033188604066418326,0.01144003325976784,0.04626431484401911,0.06981108412238932,0.015771047326199474
s0324lre_47,0.011567708092319643,-0.01934378659237389,0.026793937132147214,-0.018831890466166696,0.004949632374188844,0.03753047664224315,0.021251123628035544,0.044418595854941706,0.08201980495109057,0.015816116983962656
s0324lre_48,0.025591070584391185,0.01821013540572986,0.04680151975095805,0.004347556092064416,0.02067274888908864,0.0232613539219098,-0.017107311572996393,0.0010943413040161185,-0.013995206483826982,-0.03956324518146119
s0324lre_49,0.009735394966096524,0.0058060454180470615,0.03777652403045363,-0.03065563506644825,0.08401215425908427,-0.021771151133646405,0.11664514532129522,0.04036690517280961,0.08110845057782419,0.06342918787928808
s0324lre_50,0.025497317944928603,0.01497548172091905,0.04817127843566415,0.0011587079600980912,0.019008955617064144,0.021837609947401634,-0.018719327308607106,-0.0038079391157259247,-0.011251617865488986,-0.03988057075729225
s0324lre_51,0.023666588833224297,0.026215776038685395,0.0522935689632208,-0.015349944647040273,0.0722200769481504,-0.045634410828195915,0.05857291673281379,-0.05940483798853266,0.013844441237020656,-0.012649979339879625
s0324lre_52,0.010915299171615407,0.00609082327649373,0.03959233465332991,-0.029998783725518965,0.0860079815145002,-0.015502982673395624,0.1191166427965748,0.05251894376340328,0.07957638702096283,0.06513069561318788
s0324lre_53,0.026059297898802937,0.01500446302387048,0.04781502396439683,0.0005236912135674938,0.018985511660391082,0.02131820909537537,-0.01797814325082302,-0.0057019049718236075,-0.008078852813531205,-0.040111075354040675
s0324lre_54,0.024842040056171903,0.02921648675804349,0.0536465504749476,-0.014852597111051644,0.07368972141103282,-0.047372029252804974,0.05323810077416684,-0.05542962755293498,0.01078234331760474,0.0006571252881857788
s0324lre_55,0.024646351678504375,0.03101312259994492,0.05400543054995303,-0.013013163979867832,0.07399821346133348,-0.04606483262796138,0.05494366519478213,-0.05726719542654735,0.013762161330028111,-0.0014028596384414332
s0324lre_56,0.010040395376184601,0.006127189946930943,0.039789514201465134,-0.030579091072371726,0.08587723298012158,-0.016946973572560566,0.1196205294535376,0.05140854399592946,0.07917705272613118,0.06491921581880648
s0324lre_57,0.014239770552354043,-0.01587270992250843,0.03302424337294577,-0.012733249392206094,0.011711861544226767,0.04470284277643498,0.0335328507693205,0.043316711709221446,0.09167490488358115,0.017908192238780832
s0324lre_58,0.010366002254445136,-0.017458323813629845,0.024638299790812612,-0.017485774599825792,0.0062719243316319605,0.03680785588983733,0.018066896664889587,0.04874748102759232,0.0750025140727842,0.017158227709820856
s0324lre_59,0.011575614125307438,-0.016112780082674128,0.02802303389081838,-0.015117908757345819,0.007707903630447748,0.03839442556200112,0.025233218420118796,0.04578561159527124,0.08439857667817537,0.01664388377508696
s0324lre_60,0.012994906376605575,-0.017486264020770335,0.03131410987382377,-0.01640429563335543,0.007764324302889589,0.0390447676619752,0.026565484708736455,0.044038261400491364,0.08878800662049932,0.017744027220645782
s0324lre_61,0.024589110611661205,0.013604886150296548,0.0460797030900114,-0.0005029810819172008,0.020984786837379248,0.020328033591430993,-0.019267985993307982,-0.004161745706463609,-0.012687956083355061,-0.040306713142212874
s0324lre_62,0.02398261846660148,0.03119674848660425,0.052324995362600296,-0.012894394597175946,0.073146780350063,-0.04707626248004108,0.054263405377953274,-0.06054985805235096,0.01239619224428238,-0.003825807489262977
s0324lre_63,0.025124440920199848,0.0313778036272943,0.05711392514989996,-0.014632362355273536,0.07749888621623285,-0.0498272369128767,0.055974258538733106,-0.05437149948904423,0.012939495777866333,0.007067299317226639
s0324lre_64,0.02403317931721208,0.028151110204930198,0.05308922665709653,-0.01459155998461102,0.0715127446566327,-0.04742737551334865,0.056010545000204505,-0.06115080954633132,0.015273683569205207,-0.012241839388792254
s0324lre_65,0.008797374962191925,0.006683213612965725,0.03638530358611066,-0.031095676692291532,0.08409975326292098,-0.01807632311545478,0.121183539068449,0.0473573696176941,0.08193317996789007,0.06310037530977058
s0324lre_66,0.024474785331004605,0.015908874653272512,0.04561752050290957,0.002184939318776465,0.018449203445419008,0.021899087687097724,-0.019710302793723395,-0.0017105765556053813,-0.011711375395857974,-0.03860980181907673
s0324lre_67,0.023728040762278964,0.02745833179177624,0.05213376307887198,-0.016380443956995727,0.0741564594714292,-0.047719324517620794,0.054582036389777364,-0.058221920793885405,0.012104189867584105,-0.0031695161433728993
s0324lre_68,0.010081549885579274,0.008734319611451645,0.03911705759154173,-0.0285340450033597,0.08695703214851414,-0.01451131101018728,0.1203614660835952,0.05246919084864557,0.0787004824459585,0.06374440809620324
s0324lre_69,0.025553988492155476,0.016164358459627704,0.04846911041463085,0.000646433804932333,0.019797366240216087,0.02194985823673667,-0.01839276353528285,-0.004904770523943118,-0.0073766206403534556,-0.03947813653008285
s0324lre_70,0.010360517659826611,0.007330247146015362,0.03939966424732748,-0.031148271618556638,0.08662496373913676,-0.015710775616813714,0.11951787875454842,0.05393851843354338,0.07713813559177726,0.06912285487138006
s0324lre_71,0.009179892685855083,-0.01675683386963325,0.02256863848552947,-0.01714329004380114,0.0038836217267244994,0.03435073308061588,0.015056476576933629,0.04678355742122445,0.07111848037743984,0.01640567989929642
s0324lre_72,0.026179376557266227,0.013702412882575538,0.04777581957946538,-0.00012470975142497696,0.020732024016261095,0.021939978397906703,-0.018745386305367203,-0.008434980678589757,-0.006522338366539653,-0.042574199426871406
s0324lre_73,0.02415509865206819,0.028396094729607867,0.05307475968054285,-0.013900077133465923,0.07283418810185599,-0.04675022703154244,0.057639975605302034,-0.06140806934797782,0.013943396508414033,-0.013659068933137612
s0324lre_74,0.024381324800521763,0.03009227987017584,0.054196761788215725,-0.014854129248031846,0.07423672917909084,-0.047365833386280996,0.05686913994803513,-0.060205136445312266,0.013147194398106112,-0.005544798854033749
s0324lre_75,0.02511152618691072,0.032491861568742814,0.05552912951461387,-0.015342437184624197,0.07592800728155993,-0.05025264509060237,0.056902000616045056,-0.057693519304959924,0.015022476390738648,0.003239604396523019
s0324lre_76,0.024229104640868887,0.02801997545437612,0.052646433324355646,-0.015306253689096397,0.07253498775060475,-0.047526354136073826,0.057355033552667106,-0.06062767237419682,0.015157061586332362,-0.011084562202390959
s0324lre_77,0.010900476380784703,0.008057976852317494,0.03859594724816659,-0.029419186320500206,0.08702238521673004,-0.01474213879841676,0.12025269635609556,0.05072040957053277,0.07994823419538144,0.06346287519629826
s0324lre_78,0.012809232853097768,-0.016718503266327327,0.030162447963703803,-0.01514541728630152,0.008770698313081748,0.041047235723550776,0.028831577025521207,0.04339143510736961,0.08831185633594009,0.015426353817115816
s0324lre_79,0.011109001792185423,-0.016112056715670127,0.02566542661997432,-0.015662094554789906,0.005702338794554026,0.036987442372055736,0.01890372084654133,0.04749779528772499,0.07424372855178726,0.015200560736846565
s0324lre_80,0.026507922440344642,0.01666467109275165,0.04924045512157727,0.002973288484352339,0.02155816707435833,0.024273961295418155,-0.01943938223221702,-0.0033300066957438366,-0.011539925316563013,-0.040221568055408316
s0324lre_81,0.026353003304769067,0.03256622983588857,0.05925882230048204,-0.014866829383024761,0.0794945720119641,-0.04998943594131371,0.06038061498928001,-0.05684803084433266,0.015218167051240787,0.001189706941407456
s0324lre_82,0.011260808957318973,0.006403753908952435,0.04087793283645776,-0.03347573233927422,0.08894787591704974,-0.022430359587734983,0.12529371938459025,0.043855021399731534,0.08417844679869739,0.06337284100197167
s0324lre_83,0.008089513366306396,-0.01850794618611451,0.020624952308533905,-0.020462001057790936,0.0019349773614529458,0.03255647863810656,0.008507543269442612,0.04974465942526786,0.06477402379954371,0.014387927037113307
s0324lre_84,0.007623494658534129,-0.018607336215437524,0.02030221646690894,-0.019884396006981463,0.0003553538042066158,0.031925322779513536,0.008311148239285008,0.0456577605530344,0.06718456915326997,0.013129567406291736
s0324lre_85,0.02565284328820052,0.017895202793821643,0.04809841468680225,0.004309949959139626,0.020913809826268517,0.024898510626809697,-0.018686072830334507,0.0012062417283770339,-0.014350922854626339,-0.04054499145001415
s0324lre_86,0.02414534903774524,0.028338022353012426,0.054056458844704634,-0.015050870746268794,0.07554226455204667,-0.04859796127236172,0.06313635840214477,-0.06569490839990037,0.01768861467928343,-0.02007927029404957
s0324lre_87,0.009655570966711784,0.004056108570981929,0.03743114364015669,-0.03394264938747394,0.08170468705609216,-0.0267818197665335,0.11343143571978098,0.03733149896848939,0.08022953184335464,0.0667885389764398
s0324lre_88,0.025963696148086936,0.015288113687975922,0.0481924429762875,0.0013364071244989068,0.02051342020094019,0.02350416209821899,-0.01782376938262529,-0.004999483904913918,-0.009526765962947872,-0.042911563296376236
s0324lre_89,0.009973225339822539,0.005420062265802366,0.03861610272724027,-0.03166761631185402,0.08552360538482068,-0.020193610138390477,0.11988068162334795,0.04747486996432751,0.08162083537316757,0.065176268311596
s0324lre_90,0.011275542560525532,-0.015386919107235405,0.028347249388786175,-0.014245889100791834,0.008966170665066863,0.039195260291839326,0.023559098691671446,0.042855729242503006,0.08248737677506691,0.01361339802029504
s0324lre_91,0.013133676633457558,-0.017360881132283096,0.031379337152606636,-0.017703558696345385,0.01100957973472974,0.039353223413693905,0.027162861535625277,0.04497745601646484,0.08632841173273333,0.015953653895987244
s0324lre_92,0.024795684332903068,0.014170813096285392,0.046401801457909626,0.0005959506506201003,0.020970024962051043,0.02252017002025362,-0.016940267627277437,-0.0030824763113024363,-0.011213362471028127,-0.038565521062968296
s0324lre_93,0.010887914526508877,0.009244868344229062,0.04236918084707697,-0.02994124753410052,0.09111366453971573,-0.011196495483024491,0.12229265662585004,0.059235391530668514,0.07164882250511119,0.06352283281086352
s0324lre_94,0.014454106255515237,-0.015718734939157247,0.03344815411871771,-0.01417172578681167,0.01251813811515404,0.04353220110216017,0.03528359261757522,0.04493968830509371,0.09372341061732,0.016783282949326375
s0324lre_95,0.012784703158954056,-0.016804325640434967,0.02925889770910621,-0.015999179439946092,0.010791699355540772,0.04095366060302045,0.029842192769839626,0.04902373413978832,0.08809213232523579,0.01778553927528167
s0324lre_96,0.025241899235960506,0.0167104472138877,0.047854790816641395,0.003222100501131395,0.021341373541008575,0.023335867777102497,-0.017132205477102726,3.5494281924906945e-05,-0.013509465446559869,-0.03836730338217433
s0324lre_97,0.025984073986584765,0.028905272112994485,0.05648024824820734,-0.015378735245403273,0.07549040575909935,-0.04943334318345568,0.058425698238081095,-0.05865056663972095,0.013832246843917647,-0.005697597834898526
s0324lre_98,0.02470424487031228,0.028570164898559264,0.05379275704168565,-0.01473010851486766,0.07251889719283192,-0.046261380564224866,0.05880933593230514,-0.06206293306987515,0.01617551099485151,-0.017382737769071135
s0324lre_99,0.02512235200586865,0.029851809261108937,0.05405974734259303,-0.01330941510604171,0.07491463226098911,-0.046521848620359026,0.06045024441938004,-0.06277249996389218,0.019555646271004243,-0.01728574932717995
s0324lre_100,0.01072317816931092,0.006341404163493209,0.04023142997740964,-0.03243275410807541,0.08866456236928708,-0.021786528960171306,0.1212697219670008,0.04846083405954869,0.07902484635990308,0.06685018469297574
s0324lre_101,0.025983616786161144,0.018679976617974988,0.047102349421269875,0.004908481727697108,0.021797427314772203,0.02453245209262248,-0.014497761390410868,0.005267531985059175,-0.015175095441538862,-0.03394527965650453
s0324lre_102,0.010385143275153223,0.006272936519859464,0.0387187418976291,-0.030009296338988276,0.08267909405679434,-0.02378007417856393,0.11614470694049382,0.03729516629908729,0.08340429452515204,0.05872531859696775
s0324lre_103,0.011083199413779742,-0.019243668673466507,0.02738549903239403,-0.01910564980183025,0.005808648547698709,0.03363135860638624,0.019652459390811026,0.04108533541475485,0.07776005626350131,0.013720814720683277
s0324lre_104,0.024499393342337663,0.015024051110651594,0.04514100636927254,0.0013167769626386055,0.020056683581260743,0.021839697657197118,-0.016729240929075736,-1.0072287700602258e-05,-0.013206136799235383,-0.03791272905781308
s0324lre_105,0.022901891798455514,0.029613576507000947,0.05080317025019829,-0.013695144847553749,0.07122447634316983,-0.045296242808885494,0.05659179836621069,-0.059984553687844375,0.014287817228553766,-0.009216706781598792
s0324lre_106,0.010375594062300356,0.007235288350835786,0.04075183570025703,-0.03042463750126784,0.08736917975976893,-0.01758037809206439,0.1178507292959439,0.04937985147808908,0.07610763518151195,0.06271390541402308
s0324lre_107,0.008211263185754885,-0.018308669352562965,0.020704850149321614,-0.018764909156468453,0.0014714789862994963,0.0316647153736755,0.013517830195912715,0.04480107866932633,0.07055630403705977,0.017636957956768694
s0324lre_108,0.010007878733897541,-0.01438098230796465,0.0254876232487333,-0.014098362917321968,0.0057682843367303,0.03641114150625691,0.020112691646838564,0.04485363474702779,0.07627404480470881,0.015975581798579486
s0324lre_109,0.012257303281468903,-0.01599277965739235,0.030187864798680665,-0.015519647714309394,0.009188656354064014,0.03921537459257649,0.025586924485470605,0.04511683362676215,0.0836719084560603,0.015138099140964981
s0324lre_110,0.009258765017783872,-0.017263528943191712,0.023004528735501517,-0.018629661989982272,0.0043750599484551084,0.033063003433900784,0.01621520658138371,0.04529164707476013,0.0709946174259736,0.01794776644023039
s0324lre_111,0.02414058316622162,0.012965677878442479,0.04468027138924592,-0.00022182860559739195,0.019088784494218244,0.019359622933045637,-0.017817246996420708,-0.0070105612328805475,-0.008155117400221448,-0.03882152470870186
s0324lre_112,0.009448416177647287,0.010732034679883824,0.03998591276408046,-0.02768012200136379,0.0899318066849483,-0.010077765471800122,0.12060564808045696,0.06183419776272284,0.072521485158746,0.06384413346528035
s0324lre_113,0.011024814030451979,-0.016516015816584812,0.02586487996703012,-0.016009935985731673,0.007477503178178243,0.03736695557501863,0.024732645579494568,0.04725497452855966,0.08019932479028703,0.016740604890626294
s0324lre_114,0.010038943041304565,-0.015458318424838127,0.02423297304609904,-0.016644850842868448,0.005021894111479336,0.03659965116024705,0.019969457885198678,0.04775179913876352,0.0768735208641262,0.017250673406233593
s0324lre_115,0.009976519833953545,-0.016893270894626215,0.02527676767543091,-0.01688339062849085,0.00444567675138442,0.035345155183108,0.019900565752757726,0.043743425796346234,0.07978080902900864,0.01798569184125415
s0324lre_116,0.02444180705877253,0.01602947558112785,0.045094224114914074,0.0017719377564218454,0.021414536690329902,0.022523136692263523,-0.014718550075114889,-0.0008619592402193248,-0.013376668917075684,-0.0364091044336295
s0324lre_117,0.009003612270453593,0.006339596496361579,0.035359528337172486,-0.02955391779616185,0.07912128066951564,-0.018102078559005225,0.11565292516447344,0.048414375331370905,0.08281430514880675,0.06786456575301654
s0324lre_118,0.008897726547811855,-0.016283258586424168,0.020512367684785513,-0.017518174558961295,0.0027281106215394733,0.03264349108591511,0.011573740057207325,0.043715314556938584,0.06591104915511606,0.016480425248628354
s0324lre_119,0.009599007715063938,-0.016840559995824195,0.023570698184754244,-0.016542422958656728,0.004934053453057329,0.03256627239446477,0.016239898583075434,0.04386987877257233,0.07194375226924173,0.017594618307687934
s0324lre_120,0.009101676992502562,-0.017555971180833956,0.021616315718888213,-0.017753235271205956,0.003900283185314618,0.03239002149243969,0.01541352674330838,0.0460246641136999,0.06955082945901572,0.01691048385799685
s0324lre_121,0.02533769099270282,0.016310730486185854,0.046459004342868405,0.0020535292169925287,0.01873177889592593,0.021502487557611926,-0.01789448163953837,-0.004761012111391538,-0.007174145162847638,-0.03808389505468945
s0324lre_122,0.025199132676797898,0.0324196616958492,0.053701523766732075,-0.013591118192744438,0.07337834741004494,-0.047255208707719765,0.05385907120864571,-0.05638268388500705,0.013301286890516328,0.0030925669162197
s0324lre_123,0.024662267973879895,0.02969636997865068,0.052985293579041484,-0.013488385766845593,0.07347752438612677,-0.04627496686312158,0.055321805375765844,-0.057962164798900255,0.013759380401862883,-0.0026839017974940025
