ID,CC_1,CC_2,CC_3,CC_4,CC_5,CC_6,CC_7,CC_8,CC_9,CC_10,CC_11,CC_12,CC_13,CC_14,CC_15,CC_16,CC_17,CC_18,CC_19,CC_20,CC_21,CC_22,CC_23,CC_24,CC_25,CC_26,CC_27,CC_28,CC_29,CC_30
s0496_re_0,-0.007687729657910226,-0.010290914383952049,-0.03401812053521743,-0.04445263852388841,-0.06471407300132664,-0.07179136575044229,-0.07691936607752634,-0.06850171757571381,-0.04574150145405197,-0.015455223339842946,0.01907420059972476,0.04173181045132226,0.049745234277934404,0.04346322445871626,0.027811851174226236,0.010974436263051815,-0.0064537889976060666,-0.019164520865785368,-0.02283823194719758,-0.022797184549184467,-0.014071207154624857,-0.0021677929148482956,0.008357858732265919,0.013881108606945353,0.013993809889675335,0.009280843695324807,0.0046348898382687275,-0.0028089185647450776,-0.004306466179373878,-0.006985474284810222
s0496_re_1,-0.030225399505675418,0.041917052317247475,-0.05615928928021176,0.03941941695295948,-0.05884924301999138,0.0412935862069971,-0.04108993817102999,0.01643215614227042,-0.0015371825029468651,0.00014043287642283092,-0.0008812850531229516,0.009481109108067294,-0.0010749467112290375,-0.013059453586427683,0.015456169915859016,-0.01668671968591633,-0.003283643558362913,0.007790954064309579,-0.009042136774792427,-0.0004722381238015207,0.00863512128716831,-0.004062532760802827,-0.0007385067112992707,0.008470504219330008,-0.004149209370062761,-0.0015641355568143472,0.005813312174765228,-0.002594899083327962,-0.001910269188402472,0.004872825906374616
s0496_re_2,0.004047336404932951,-0.025720331650747535,0.014406844438775431,-0.026456724899885004,0.00744933306947352,-0.01793741614251727,0.008113887494237488,-0.008244596240907636,-0.012236951468969708,0.04536921295982588,-0.061987743170655966,0.06852389540770105,-0.04809610738241317,0.03210053537047411,-0.024869038185697197,0.007673233170327996,0.008212512835463941,-0.04005337405063055,0.05070737838985227,-0.04629787066892957,0.027379318627691055,-0.011344831525858615,0.009294732357521625,-0.007014492267441156,0.0014891177502098485,0.011066840161266113,-0.016915155840408213,0.01408932447245803,-0.005442792796474342,0.0013059182825696826
s0496_re_3,0.0027936094053510495,-0.02259970544972271,0.01118277016843126,-0.024433948759653164,0.004133805442880234,-0.016281797120134615,0.006871404676891673,-0.00973580797521415,-0.009443435289448554,0.03925793649209436,-0.0557559492194773,0.06093817272952859,-0.0418380235986093,0.027975617936397627,-0.022873941476620682,0.007915071399301907,0.006819531786901617,-0.03876894800039408,0.048026053421142814,-0.04406002754289741,0.02662447463537714,-0.010595340995560218,0.008882087656489769,-0.005494365044287096,0.0012404203043441305,0.011999695824498122,-0.017332731788961997,0.013873197991367409,-0.004815606933959019,0.0023339829850866065
s0496_re_4,0.003363453866310497,-0.02482943306859628,0.01109400021596654,-0.025723807651211267,0.004867342182731547,-0.01798947872074505,0.006353945173898482,-0.008693209021786951,-0.011533061286204611,0.04204001977206868,-0.0579404240335722,0.06334814908406515,-0.043806602391689285,0.028892175365980374,-0.022629027502614085,0.006450494667263638,0.0083713498688263,-0.03920992857117055,0.0482607716391085,-0.043384734525637514,0.025447586920053104,-0.009338192425293724,0.009126177382262244,-0.006292533435804961,0.00098568820938975,0.011772849527359965,-0.017003947862625043,0.012719517059740771,-0.004659709540646967,0.0014906203229148056
s0496_re_5,0.003998891216171984,-0.02468837368300349,0.012154903759834934,-0.026084253498656826,0.005709955815608673,-0.01763352773141003,0.006689596696374221,-0.007383897903181735,-0.013367404922299918,0.044879918239415326,-0.06043092521795726,0.06631468538291665,-0.04614318154421647,0.028658370860338372,-0.021480935763448644,0.004010555103574809,0.009768612799869774,-0.041536236235640595,0.050673996794296856,-0.045325023108304184,0.02618010578692357,-0.009364085122778686,0.00708847163393775,-0.004439372022531898,-6.8270761431941e-06,0.012159179520621177,-0.018321571815231377,0.015039113882211564,-0.005181678260583271,0.0018074679879613311
s0496_re_6,0.004040922906790437,-0.025863731591445244,0.013305197971949512,-0.027048389589771765,0.006490047111127872,-0.018397425255477242,0.007426362705107533,-0.008363716959198818,-0.012769573358513569,0.04541342668644672,-0.0614527874541138,0.06764199047789606,-0.04679897794276765,0.030122172383672065,-0.02317321902804833,0.005292947412729224,0.009606666558647642,-0.041949182948635096,0.05123314620965041,-0.04547729414768988,0.02734692529405225,-0.009809777890931503,0.008221410617253013,-0.005789617973371508,0.0003411651718579166,0.012791773380155379,-0.017621002767981654,0.01491402761406726,-0.005047413234785485,0.0016036057830026334
s0496_re_7,0.0033184500229009183,-0.024750154533998578,0.012321132013088314,-0.0260226587758498,0.005349283461086745,-0.017921398984593023,0.0078083896928448394,-0.010645489650233708,-0.009946172138847851,0.04105149815790699,-0.057637947979183854,0.06332581953155944,-0.04482130993928553,0.030684331417394673,-0.02552679268123758,0.010120663891536088,0.005802432985680477,-0.03801913175946847,0.04830442414487827,-0.04428093546119422,0.027211621860075048,-0.011190998539355559,0.01005716858094448,-0.007841040181116485,0.0019252568081608568,0.010564575000374816,-0.016677493741811038,0.012085227793023439,-0.0038217841013686,0.0020915968863409184
s0496_re_8,0.0026094796189635662,-0.024809909886261205,0.010745051655889761,-0.02534493298861761,0.004597391289390907,-0.016555463695889887,0.00569827158715094,-0.007126968665915179,-0.013088171816881877,0.04421397823966878,-0.05935831813938066,0.06397749904781302,-0.04367628242161941,0.027488691042358425,-0.021506459585030707,0.0035555901704437953,0.010786997156424536,-0.04231547001273567,0.05048482027632673,-0.04404760908231569,0.025719071962375134,-0.008277397486071862,0.006886487145670628,-0.004258897517439648,-0.0008658786450426859,0.013892127703496246,-0.018425182074180254,0.014228647730476326,-0.005003952360584246,0.0014504647743436173
s0496_re_9,0.003803460084028932,-0.02591654214865628,0.01315751049458619,-0.026634065531634027,0.006300421422108628,-0.018627168829393605,0.007031884766811211,-0.006629951330098722,-0.016299865440363593,0.049162388576456925,-0.0636033829012244,0.06587304657895102,-0.04461202176365872,0.028262905711202827,-0.021752978530413723,0.0017509526299461183,0.014758072169559521,-0.04635602096159031,0.05164763944262719,-0.041515391951121916,0.022183646949686355,-0.0081622366638092,0.008557758820032358,-0.003304843419023769,-0.002763592138798982,0.015582853027245653,-0.017778971824470035,0.010200929266067886,-0.0036160685887856665,0.0019991057780002776
s0496_re_10,0.004401860238950471,-0.023304194021413947,0.014441874068420723,-0.02462130843031576,0.0068806175353965954,-0.016793866007682758,0.00885589058338629,-0.004777357872618981,-0.017889980858614898,0.054040870795863595,-0.06423992827521434,0.06402903544646475,-0.040187116779272766,0.027364728171330805,-0.02087100688805244,-0.001148836742174094,0.022336890146314882,-0.0507711155022667,0.050785092594967336,-0.03537774355713747,0.016960295502896634,-0.007469071555135972,0.009235500140276935,-0.0017953006373461566,-0.008057734930635677,0.018375659846617372,-0.015001994000907478,0.00835277870375743,-0.0013852080653383877,0.004187439706559413
s0496_re_11,0.003715186263317851,-0.02329267695681884,0.011339505715304371,-0.022158681893476088,0.0020743565263858874,-0.014966032478949232,0.008122983074554843,-0.005087374883601871,-0.019995478270678674,0.05334951291451749,-0.058356286566895205,0.05090980204037434,-0.03093435724634207,0.022158432391602274,-0.01750399551152272,-0.009507971105241585,0.032982257851256906,-0.0528831354197676,0.043501947204581615,-0.022394773015676456,0.010711516798559924,-0.0052366529500668295,0.00524264633959612,0.008225005338699803,-0.018440378941962987,0.020801371321233723,-0.010902096132172944,0.007004736865423021,-0.0036881003312977333,0.007258397288298117
s0496_re_12,0.003364639494013497,-0.02352511318550849,0.010730123676837271,-0.02176476103670596,0.002677703471636121,-0.014246812025388793,0.008281367798203411,0.005311646388018048,-0.032605209859422744,0.06313722317487874,-0.056063328316026,0.042539553793645546,-0.028384761505192094,0.018543313447718562,-0.007308310444624697,-0.02937604534517132,0.04570456176557043,-0.0463923903190258,0.026844777177674417,-0.010110024875561964,0.009591179000169932,-0.004766835234522849,-0.0074717247233246735,0.018961594442588985,-0.018234107201970245,0.011888089764381774,-0.006392257644327901,0.007808043299102323,-0.0083253471069161,0.003737931090407558
s0496_re_13,0.002617654757935314,-0.02407026702696197,0.009750881687084833,-0.021878705005165654,0.0019303440581802007,-0.015686529583106328,0.0069423198278573,0.0032386186621397996,-0.029858876492940997,0.061205596477664,-0.05552311853942919,0.04193901086312399,-0.026751163379334534,0.015151769770523694,-0.008444779254155783,-0.026266900689575285,0.04332841476550669,-0.047327879619835,0.0280138653268399,-0.008956355569924593,0.008233704688831075,-0.0035453353885595757,-0.004453448846977164,0.01686920596239825,-0.019423137224731928,0.013799884305503371,-0.005713251845572683,0.006174316563249394,-0.007269199265533455,0.005660481808059062
s0496_re_14,0.002133589237155617,-0.023427922565392955,0.01003746654338358,-0.024648812553871417,0.0031684018346138263,-0.016502964516517088,0.006058727457146057,-0.003566255120012514,-0.018545050279036485,0.05070066256799386,-0.05894747299907457,0.05702232710121626,-0.03590748620091474,0.020255028277395,-0.016255023395834813,-0.005844911381581988,0.023337970606218752,-0.04834191704128137,0.04548094474503342,-0.02843019435512183,0.01450901213373719,-0.004681011507327279,0.007333370288601956,0.000998213000870582,-0.01029620707062698,0.018456111708033008,-0.014312227806048843,0.0075112666539327785,-0.0020107534542371233,0.004812648569884602
s0496_re_15,0.0031061581052858867,-0.024959268953560067,0.01152284876174315,-0.02595454230134953,0.005130087009903783,-0.017880886178156398,0.007329901432363273,-0.005262869838442453,-0.016328500726545687,0.04866197146281532,-0.06025502045474898,0.06175231630727429,-0.04177939932904527,0.026370178762080757,-0.02171931361433343,0.0001597704149524975,0.016506881479352774,-0.046001564583745845,0.048724615470102206,-0.03584188880868145,0.020262937204382894,-0.007363253819893738,0.009007293051699249,-0.002668246097985178,-0.00552443138645162,0.01581381836444484,-0.0159178931669593,0.009026063869574396,-0.002703437954603079,0.0030108066601321993
s0496_re_16,0.004138356241629434,-0.025564825290285854,0.012366036036481213,-0.026855427207008786,0.005887490782029168,-0.019316439396306763,0.007814194661578294,-0.0077513498553559565,-0.013709249335537141,0.04554929805911311,-0.06000178169163446,0.0661006054183385,-0.04590504615730733,0.030334585591438992,-0.02356802688601637,0.005424173848491438,0.01095774514698958,-0.042578946692489364,0.04917791693927459,-0.041927109991409306,0.024991949672654182,-0.00977940419466981,0.010148112978963808,-0.005488981798228849,-0.0009343439126192936,0.012530817485524905,-0.01621329299245483,0.011141293447908224,-0.004006788755088455,0.001686271796468496
s0496_re_17,0.0031902629267615236,-0.024197943991749495,0.0110678693546095,-0.025642481918232853,0.004084133006924104,-0.01779815644224099,0.006336588023557694,-0.007347074177551861,-0.013113127108190667,0.04440777469788255,-0.058086867277666564,0.06354136587620295,-0.04335629464231429,0.02789399580143837,-0.021698207881545865,0.0036271662366070905,0.012200551330644491,-0.043101845403385075,0.04906206107347335,-0.04159540500419711,0.02417595516787836,-0.009251514092311088,0.00886029272565224,-0.004337078899421887,-0.0031306311480881178,0.014182509170149574,-0.017938887918822012,0.01257106284868027,-0.004410397925026614,0.0015818813341020544
s0496_re_18,0.003274382875261276,-0.025362369938296065,0.012030430944673445,-0.026042415220055477,0.0053426756964928546,-0.01752149653079154,0.0072531646275898415,-0.004170990801100426,-0.01799354849432022,0.05273689181513518,-0.06284676652686569,0.06476156557543633,-0.04147602517532215,0.025846703761047404,-0.01912361092873081,-0.003091545394567522,0.02109724020121675,-0.050344437654634436,0.050007805085249844,-0.036140645210861036,0.018273363437540185,-0.0066909304164323525,0.008155372772232704,-0.0006257590325658161,-0.007564724521289278,0.01798392250980549,-0.017046791636945346,0.00918113352566378,-0.0030776110350985843,0.003325929092503109
s0496_re_19,0.0035608651074829495,-0.02354899767908801,0.011552386488112848,-0.024751090571936286,0.00414171578772786,-0.017111466050641743,0.007357882667623075,-0.005227202427199801,-0.017158763105205563,0.05172375099530064,-0.06139228798257565,0.060972410409417435,-0.03805240295524389,0.02547882112267849,-0.020259579001833557,-0.0025394266859584476,0.02269838190865311,-0.050959887955235574,0.048810930621004854,-0.033034441399664285,0.01684825819024724,-0.006580110029520132,0.008518274963656133,-0.0002980724797009082,-0.010159235182541308,0.018818339458447363,-0.015285192267964492,0.009373036362808238,-0.002431028914744371,0.005436277945398329
s0496_re_20,0.003845244229649299,-0.02517297673973113,0.011563772850574978,-0.025331006388142403,0.004270249816058733,-0.017769868922712633,0.00692795602825891,-0.0054039468857439345,-0.018253393041117574,0.05098095050360461,-0.061161750351097,0.05962700361746499,-0.03820804013646961,0.025426189236913477,-0.020356953295720046,-0.0020811462752431493,0.022967435303889824,-0.04959786173655488,0.04843743333406175,-0.03290005991073809,0.016951808731527192,-0.00758467977721287,0.00897408304276197,-4.456326301738695e-05,-0.009342034551469891,0.01898630156496855,-0.015016260451409082,0.007493200854092186,-0.0011266204111822688,0.005098032578825832
s0496_re_21,0.003185752655634232,-0.024056946482030703,0.010995857327267785,-0.024819260284256857,0.004285054350503027,-0.016351455578439335,0.005556803927544556,-0.004239081072571313,-0.01765943384298,0.04915834360620808,-0.06065346093297654,0.06170659525102262,-0.04051397982924728,0.024147659052283034,-0.01747011417778199,-0.0022475535572261604,0.019024562332666025,-0.0477897758403002,0.04998006258399561,-0.03755149445900741,0.01927139435043555,-0.005674822288861196,0.006346314889117085,-0.0007768945283263319,-0.0069807565442746924,0.017783973374547707,-0.01717624066072775,0.011226504438340267,-0.003229932372159827,0.0028327132303054094
s0496_re_22,0.0035088725357781876,-0.025839803068383495,0.01180474631924236,-0.027322235538003045,0.005476606239859396,-0.019114691230747636,0.007593848763998753,-0.006983825111038694,-0.014845193201172797,0.04647561931917286,-0.06077394235927012,0.06472470720399053,-0.044610488659418954,0.028148792330438023,-0.02232291365248797,0.0028851573778523876,0.012929564510303491,-0.044030302444395715,0.04924560468458557,-0.04056163197525219,0.02338377059430515,-0.008685323489651802,0.009314912330640674,-0.004436346878543732,-0.002176421567569696,0.014144863171281557,-0.01690557770946967,0.012066533258312117,-0.003605000757779974,0.002262165929916981
s0496_re_23,0.0035491300205717675,-0.025741370409648995,0.012613907589461562,-0.02653740339078777,0.005673608967866662,-0.01850123428496112,0.006457224862996537,-0.005871550157521173,-0.01803133816689853,0.04946529117420102,-0.06489202389545884,0.06587522054136515,-0.04441191356472639,0.028072313341792016,-0.021244177927228332,0.0004982596008063009,0.017086213879300274,-0.047875601820547765,0.05161398511172201,-0.04077721986177403,0.02154277150494748,-0.007087070051694284,0.008857246554636227,-0.0032615702905424092,-0.00478380976517555,0.01566990631848282,-0.016743610954021354,0.011440944035211936,-0.0032385886678043085,0.0024663134946688965
s0496_re_24,0.002993006406667487,-0.02398940458273582,0.011052214043359822,-0.024246581811571254,0.0034731330359854123,-0.01614329187130835,0.005847900439944053,-0.005239671127970897,-0.018056191660277915,0.05120221277534534,-0.06296856570790822,0.06253360912150559,-0.0401337334507922,0.025695396531148076,-0.01960828803266999,-0.0021075163479354936,0.0218608403546172,-0.050806133337221955,0.05076759745385691,-0.03641321359393946,0.018340429188271484,-0.00642630799256695,0.006693604681011042,-0.0004957514500758746,-0.008840333160075195,0.019845344093255377,-0.01736379995797319,0.010024032429005883,-0.0026038067776344826,0.0037142816336047757
s0496_re_25,0.0032631566777545024,-0.024113464409678806,0.012030823633109004,-0.024954915926255695,0.004450243094473085,-0.017692011495691294,0.007596497104986181,-0.007731151736302913,-0.012539683433491499,0.045488816315664406,-0.05859233284716008,0.0626834810430974,-0.04245951494816692,0.02835086552588538,-0.022952835488962858,0.0040110768915258875,0.012534101392371603,-0.042967563846056434,0.04858842867563509,-0.03988945567221403,0.023101527556833094,-0.009365897172932515,0.009466639019998576,-0.005116262056434508,-0.0023776530219303507,0.01416707371289332,-0.016342479352176212,0.011393015208983573,-0.0032392249232914886,0.0018813428609615226
s0496_re_26,0.004497514729493582,-0.02549357891658861,0.012805315442235229,-0.026983311640785712,0.00706899297640443,-0.01916564879222162,0.008135881379054747,-0.009166244874590071,-0.011813119585161208,0.04245391723912552,-0.058394081012100384,0.06440591285977902,-0.046586075630094335,0.030594048204879327,-0.02477625894700633,0.007109998497655528,0.006812740286692386,-0.03839920262467342,0.048154156264841645,-0.04306663504245204,0.02732368785140604,-0.010703063842250171,0.010434711496540164,-0.006666232354601687,0.0008016194548846377,0.010004484959288441,-0.01613236047128631,0.012953595557596703,-0.004772772932199753,0.002321327568955837
s0496_re_27,0.004096303932300849,-0.025827403946794718,0.012497515358066912,-0.0275020775170522,0.00652606348354238,-0.01950116328379355,0.007594552692393572,-0.009582965385331767,-0.011675165576966117,0.04116616986087522,-0.05868779452214086,0.0658723764149976,-0.047827903456191485,0.03219643007197743,-0.025543395596013277,0.008747430085057885,0.005864334104078008,-0.03749674937583152,0.04839480790986994,-0.04499349111527839,0.02839051388824154,-0.01177531498674528,0.01011935573601196,-0.007035285259307642,0.0017312983687230454,0.00942564134162397,-0.015954323496468723,0.013310978742087975,-0.005374298874790158,0.0019952825206110323
s0496_re_28,0.0029234283300284634,-0.024100725406206534,0.011528439046422773,-0.025203958574110442,0.00513064469553081,-0.017302781445804445,0.006539005639582155,-0.007789262695640802,-0.013221102208430145,0.04319094187152968,-0.059344732840032104,0.06474313718678917,-0.045428225900364945,0.029272467006006532,-0.022523461110098498,0.005569591693785011,0.00851299885597587,-0.04063217706761879,0.049383894099142914,-0.04456355231692432,0.0266428663920915,-0.010225265463390669,0.00886815206696499,-0.004933726660143457,0.0001278116482775109,0.0119181994811587,-0.01794261882478619,0.013903364734618177,-0.005730502407219495,0.0014841309514761734
s0496_re_29,0.0043342575780740585,-0.02369134574654239,0.014592287799539675,-0.02558699689501612,0.007242333736339492,-0.01807752560659614,0.008377747896278594,-0.004110404532318099,-0.02100945663992016,0.056935007908480814,-0.06583035983113947,0.06414439556078866,-0.03849570756061778,0.027646808045061897,-0.019870034670977876,-0.0036348105510492345,0.028149188437325674,-0.05431329782036967,0.04955247473265996,-0.03168959359221554,0.016477144806505365,-0.0068918448354114824,0.008785588927772783,0.0014037811860270319,-0.012572768675656097,0.02011989016277808,-0.01394205030981537,0.007636113383444263,-0.0015743340511216633,0.006048500960807687
s0496_re_30,0.002215442988105269,-0.02148422059205903,0.00876560609659537,-0.01952060731174332,-0.0004520458795219827,-0.013115344749623647,0.008070029542853198,0.0008954298461091222,-0.028632617032210227,0.06027008314289606,-0.05456279445704316,0.041276348462320256,-0.025559625206283285,0.017668388783203072,-0.00868308682616353,-0.02859054754812826,0.047842314741305625,-0.05037533041194785,0.03136578173167887,-0.010916797497882916,0.006930635040833845,-0.0033419996954737476,-0.007191858583740641,0.021495368312995138,-0.023613690777292765,0.015582135592976432,-0.007407482454592663,0.00831303159745869,-0.00824386675945913,0.004594700602102924
s0496_re_31,0.0023860394435780406,-0.02392727179918714,0.01040418940222816,-0.02215417669714456,0.002146487256576573,-0.016083180376501582,0.009063678579796028,0.007217432625594123,-0.03573400013883887,0.06495648157624061,-0.05240930907169504,0.03864903000602118,-0.0294789947302929,0.01631967753868511,-0.001782451304479173,-0.03639523619903332,0.0481455367893941,-0.0406614075407613,0.020568211956176533,-0.00969923420545787,0.010539663904927804,-0.001106317870470039,-0.012775335066485316,0.019795717988924752,-0.01441697437049694,0.008702034654531175,-0.006860761119539135,0.00861375763813893,-0.006950658093805303,0.0002628239907363014
s0496_re_32,0.0024621192944303642,-0.025642114993316707,0.010235622499035106,-0.02486577004881377,0.002898145178723669,-0.017058621822766275,0.007786321775727868,0.004869536658888965,-0.03335915274435531,0.06439285722888145,-0.057334526016406054,0.0427091733492966,-0.028483219632356747,0.01647987792897462,-0.007103256120411074,-0.029048793470393228,0.04546560476197955,-0.045273102771935456,0.025423045031343586,-0.009263547010963949,0.009645426727409681,-0.004514648602068948,-0.0063046003013520315,0.01787765718426857,-0.01705837752564301,0.011543271752017324,-0.006530882450659696,0.007635647715815089,-0.007261648902383898,0.004741799401867375
s0496_re_33,0.0028361358445080083,-0.024476815065752118,0.009538532135277092,-0.023978041501868396,0.002999499524339817,-0.01601728400635831,0.005155604688011977,-0.00026934327071530484,-0.024678005437287952,0.056599774943453016,-0.06238493005993752,0.05414824928262302,-0.033070947356967494,0.018045267500948623,-0.014018957894538898,-0.012367720294678947,0.032287284798441854,-0.05171517944001714,0.04399047198545606,-0.02235111404303362,0.010580893406808723,-0.0035602228314973415,0.004885486887114233,0.005678314773473203,-0.01588475270998265,0.020125142098393157,-0.011859078634586559,0.0058153891227061775,-0.002462631803312678,0.0065405534811309686
s0496_re_34,0.0031375751693994663,-0.025798293595362547,0.01114736637262001,-0.02624102875629749,0.0038679030704300505,-0.01750450657210042,0.006195451049848592,-0.0034494351727063946,-0.018996879134861894,0.05284275005131659,-0.06311139640354319,0.06215622654256471,-0.0401715017398586,0.023203377373003344,-0.018765342960835284,-0.0038055680862284385,0.022171436394518733,-0.04883248429424713,0.04944552413487241,-0.03382350666632937,0.01685361353019334,-0.005022697939411977,0.007915094413748488,-0.0007252021681420577,-0.007931756934707393,0.017957692449379843,-0.016189934789662668,0.009489381230958596,-0.0017457900859004472,0.004339910035701582
s0496_re_35,0.0033134740838153447,-0.025713110693937533,0.012095074255596383,-0.02713284840270251,0.00576938745140544,-0.0189267357651779,0.00628988025809305,-0.005600612283666895,-0.01750034434623451,0.050911525297895846,-0.06430358688156175,0.0660733612125461,-0.04354953763688826,0.027100917259376196,-0.020088635956996125,-8.53828294475488e-05,0.0180113797091865,-0.04808034011369342,0.05093447551880279,-0.039676300719737614,0.02097058973057504,-0.007067999858366389,0.006911729472513493,-0.0022971158158673643,-0.00555670997830842,0.015755904352534576,-0.017530053448230682,0.011432153321826304,-0.0025025790828232283,0.001861024616332165
s0496_re_36,0.0027747716299527337,-0.023387630900967737,0.011242031876357557,-0.024443824436227002,0.0038739604191099014,-0.01613929367473125,0.006744960696518303,-0.005409074966678088,-0.014661114698266859,0.04852248641122774,-0.05977832462290206,0.06250700809925376,-0.040330137181662055,0.025850154638125684,-0.020814240916328663,0.0004945274916253263,0.016949215244024457,-0.04708582701284149,0.04980133609642323,-0.037600688508493636,0.02036378404754986,-0.006166412619665764,0.00834796539112156,-0.0029844612897814418,-0.005752582048188289,0.01623329077187809,-0.017148009378110864,0.010066106568761864,-0.0016936991867994263,0.0030530393027179237
s0496_re_37,0.0035279574387116867,-0.02417503331640011,0.012119472309890598,-0.025694305287029182,0.004822435305907822,-0.01817750462572714,0.006816357743679521,-0.008181700008322303,-0.012170974957778819,0.04231511209146523,-0.05717536629501073,0.061691796676468964,-0.04242707986027113,0.027492411616396244,-0.022308036701686948,0.005549103328450715,0.010552110377836623,-0.04048707896718508,0.04735365628645395,-0.04136514674429329,0.024149804944820004,-0.008999128466208173,0.008898061898833111,-0.00543210850753748,-0.0010312003019888661,0.012804196200141393,-0.0161581838838601,0.011751670909120665,-0.0033348946052671347,0.003051579033249503
s0496_re_38,0.0023944194127753123,-0.02309810573363521,0.009902431341131598,-0.024881002961541172,0.0029137013054234937,-0.016036056104279182,0.004204854189189062,-0.006528923023198024,-0.012899580911823489,0.04249529889030488,-0.05678786279675152,0.0633562220128212,-0.04247474765084238,0.026549693953682185,-0.018273550571473052,0.002600971674579981,0.010959041662720284,-0.040192620524313716,0.04804599977106291,-0.0439586872895605,0.025455793442240963,-0.008978162558273068,0.005982071064553938,-0.0025746636481255173,-0.0017474373648781935,0.012842277175166682,-0.018754744330521014,0.01521814029103699,-0.006030088465092116,0.0019432780765709138
s0496_re_39,0.0034833504622027553,-0.024687124580671554,0.011356708945738137,-0.02548715361134722,0.00455340156857867,-0.017150693605359837,0.00530615925743271,-0.006466561197434919,-0.01396001637809129,0.044142656124929874,-0.05904946760988349,0.06434071883177993,-0.0443547695116406,0.02803533368317107,-0.020345854616651213,0.0035652426036505624,0.011280725863601598,-0.041659701983705916,0.049495321358325926,-0.04393197629280613,0.025442347100947508,-0.009295509085697557,0.0072103211419405734,-0.003464975697883738,-0.0017183987661501447,0.013052423670059184,-0.018186934136572266,0.013797223957943245,-0.005990042605136224,0.0010555329044450315
s0496_re_40,0.0028042472601379105,-0.02277496758407325,0.010957066933450502,-0.02453800248198993,0.003432655134294399,-0.016317487140707684,0.005708269606227633,-0.006511073966501872,-0.01298396747817518,0.04199316140041077,-0.057292399640698634,0.0624913183379726,-0.04395141946431771,0.02642745116318114,-0.02069101616383461,0.0039832516820540245,0.009881385603610399,-0.04103684776605378,0.049261091394860256,-0.042942633062090646,0.026642316174539275,-0.008956647988139646,0.006825193745209758,-0.0036145722580951376,-0.0009656198746187722,0.012586929111757435,-0.017589954401223837,0.014516585889154615,-0.0049955396990007455,0.002194105794467429
s0496_re_41,0.0038125192537831936,-0.02574535740828023,0.01215128137155029,-0.0263865823276647,0.005070374902780977,-0.018701107199887844,0.006768125028447376,-0.009111052163045407,-0.011024611554154387,0.04105491474785928,-0.0569914250374138,0.06493297078512343,-0.04603313742104347,0.031498379891489965,-0.024324425658621755,0.008318941571493495,0.005004248414351057,-0.03700627542457951,0.04672562185426204,-0.04454436742097547,0.027985069136670666,-0.011710858801716224,0.01014765934401269,-0.0071846962147794164,0.0025954150586519117,0.00904265764614125,-0.015885666702831685,0.013838023391148138,-0.005386773949857231,0.0017593824190692648
s0496_re_42,0.003678884387047413,-0.025198143705223428,0.01228711406359215,-0.026418969475750103,0.005227216920999198,-0.018397581906849467,0.006541428683153446,-0.008497850857709889,-0.0123282365452177,0.04224864368559613,-0.058669522591537314,0.06551127164991771,-0.04570072802476438,0.031030399250745827,-0.023897567212730245,0.00684167834952639,0.007088891270811887,-0.03940726843834482,0.048231734766380374,-0.04491157052583049,0.027387652499823865,-0.01095858798901772,0.009604929249284374,-0.00624757365622203,0.0014918495089688173,0.010589029357526059,-0.0162831024896167,0.013092170336982276,-0.005344081832254122,0.0012053462510993533
s0496_re_43,0.002774113516291668,-0.024089733221093604,0.010490627973185958,-0.02530714682005125,0.003899728850237394,-0.016840642032054955,0.005518812109156537,-0.006646002578127918,-0.01354359381257323,0.043770855114222386,-0.05935155801534226,0.06487447408553618,-0.04420337533060244,0.028075639443434088,-0.020561037712308546,0.004009973812810974,0.01123413348796462,-0.041625011746053174,0.0499972400660881,-0.044208040802889786,0.026216976740279892,-0.009683224764658705,0.007262084301563167,-0.0045203959748594215,-0.0017590474038693008,0.012517723887316532,-0.01835082830800555,0.014369242078556539,-0.00670503940074181,0.0022983607768383004
s0496_re_44,0.003198074222736352,-0.024791163144745075,0.012326201903722914,-0.025736935993520414,0.005334017508964901,-0.017241957494862365,0.00644945366381542,-0.0062813797231459165,-0.015282239671164226,0.04814788187533128,-0.061785303722718427,0.06504462500081153,-0.04255085637240719,0.027875322264635318,-0.020148685388274166,0.0015932803421080204,0.015655951511752784,-0.046278354270207246,0.05146417348838651,-0.04160132583173158,0.021868848681129965,-0.007326418134227302,0.008196118544936388,-0.0032199078330309738,-0.0038252084412094237,0.015880233716716034,-0.018137093602479188,0.011520874964916085,-0.0024287948221545556,0.002771769708144228
s0496_re_45,0.0029940373849779377,-0.024508291933964803,0.011589606993099983,-0.02543088558549964,0.004873592605718613,-0.017763494193943106,0.007237487196296479,-0.009158289018787832,-0.011259382297472899,0.041778903749531436,-0.057426365385879655,0.06230672431729896,-0.04293009443597783,0.02907974076333682,-0.023665999824663487,0.007076013830645673,0.008785061505235711,-0.040642579350959496,0.04795657255733203,-0.04285137176078892,0.02553619987761696,-0.00957039333866586,0.009933304321460631,-0.006003393018384698,6.866617887788672e-05,0.012457647138832283,-0.01755151901199005,0.012370873397012126,-0.004289565150038467,0.0012540825725367625
s0496_re_46,0.0033301627660374043,-0.024313612653277562,0.010775930368734707,-0.025504680490745443,0.005800045642604755,-0.018451326784487188,0.0063635835239902695,-0.009010442593012834,-0.010139910937710207,0.03957973352207119,-0.056141780294238816,0.06402349709248073,-0.0458697102184055,0.030476909464524343,-0.023653130666304693,0.008095143984083729,0.004213676377269632,-0.035320660366515266,0.04661007516896426,-0.04558804079961323,0.029859251060773542,-0.012145589124299154,0.00846908275420859,-0.006960280447747795,0.0026361150705590483,0.007961927380264452,-0.01613368246260994,0.014684802136755614,-0.006895533599692281,0.001124924149116672
s0496_re_47,0.0024089587462783426,-0.024746720966845,0.010378474547562114,-0.026269071210025124,0.003992701732718703,-0.018173779817901463,0.004788153137470677,-0.00710006497700866,-0.01381087713696082,0.04282400541247669,-0.059759385979376654,0.06508048264085427,-0.046238879473469635,0.02833463377889612,-0.019792691371950093,0.0038660218670576118,0.01021912911461391,-0.04104269091988983,0.049288225301251196,-0.04658415648123341,0.0280483111292808,-0.009236415074834674,0.0073007985329107605,-0.003387426972580265,-0.00033693548026286177,0.011757390194983126,-0.017919146206348067,0.016112391917912264,-0.0071685567897610694,0.001939610549701958
s0496_re_48,0.0034283147245269853,-0.024353794361406503,0.012857184016003609,-0.025427366147858847,0.006175654490220493,-0.0171789147244219,0.007458918046896463,-0.008175529702479072,-0.011718350326535693,0.04242095262933403,-0.060325474652791075,0.06701812810072248,-0.047405681191631056,0.03176638176022782,-0.024123142883035836,0.00857634316758917,0.006127126513892643,-0.038795747806803886,0.049798972011074534,-0.04679458100676783,0.028822002894235484,-0.012194623823106276,0.00847982171124994,-0.0057413706674304035,0.001595356831854386,0.010619855691892183,-0.017229011089897522,0.013626757744615092,-0.0060118849613634675,0.001490904007292891
s0496_re_49,0.0030251815112376573,-0.024126535164292556,0.01111053894628764,-0.024701908643803446,0.004534949143029218,-0.01692970028068184,0.007428815893941227,-0.009806308332079986,-0.008667145690325204,0.039167128123772633,-0.05552069931065332,0.0621268530260795,-0.044095720825404194,0.029140406875087496,-0.024016303689512398,0.008902262546322395,0.0055531692016644475,-0.036993728931908866,0.047709770818187947,-0.04489341245750956,0.02785296241787788,-0.011300384886200908,0.010015747520801874,-0.00660222313422802,0.0016207709557136938,0.010247639071868793,-0.016754813066768338,0.013504293730928759,-0.004540207292720901,0.0009972613700050144
s0496_re_50,0.003209011234412695,-0.024447009260616936,0.010887344886645034,-0.02540232827790441,0.004824126211934052,-0.01724044339465872,0.007102968251957548,-0.008066178802023352,-0.011230843342250454,0.04175528205283619,-0.05729650986258597,0.06243720579097802,-0.04429733169343202,0.028493831985302514,-0.0235330376549866,0.006658937302070091,0.00856599770903737,-0.03898605104055459,0.04839789393181092,-0.0428668767095923,0.026215563308773886,-0.01101029368345254,0.00873346137282644,-0.005824588693182823,6.50946718712538e-05,0.012074057434848712,-0.016563614368689514,0.013071608383568089,-0.00489705928217966,0.0020124454333698707
s0496_re_51,0.003727625687695124,-0.025858153880053147,0.012244665168695419,-0.0269006385193223,0.0058448331072987175,-0.019145359248363136,0.007175205173736995,-0.008335924988866561,-0.013524480639009153,0.04496210846025059,-0.061522175380571024,0.06661948379875093,-0.04707779984484908,0.030012053307155534,-0.02284513718546766,0.005464758313088876,0.010062119163587629,-0.04149211126141166,0.05091042236995586,-0.04528202048177724,0.02714449359401917,-0.009682535887769517,0.00797575195484603,-0.004999694910135196,0.0007875932137445576,0.012308473006293468,-0.017394582234381197,0.01384110247807567,-0.0056385044155752035,0.0021809527341305297
s0496_re_52,0.0039674166750475965,-0.025230505667774208,0.012918016631853128,-0.025899411134466806,0.005612066932040793,-0.018052290188686208,0.008243875911871305,-0.00888175152976207,-0.01432639104595149,0.046753038397603815,-0.061238979472221615,0.06424425137423072,-0.043997385034725923,0.0307168099953978,-0.025397725353019134,0.006699486327039303,0.01301643010285517,-0.04426437034099539,0.05044449384857063,-0.04089700380626271,0.023616837686991257,-0.009461179558469807,0.010957516125152465,-0.00593757843314667,-0.003516324967919328,0.015037205597574438,-0.015925556411913094,0.010614800668774769,-0.0018094234616043991,0.0030114796731503723
s0496_re_53,0.003897435990702493,-0.023381447414766943,0.011114851277187898,-0.023739518575624088,0.0039906136442607095,-0.015967623794454263,0.006759576260027822,-0.008090241103930152,-0.012393825736981277,0.04427091684896967,-0.05741503937008227,0.06063062282593315,-0.040091359008132994,0.027358144545894917,-0.023184027566425597,0.00450898880994635,0.012627439474402802,-0.04368794517400536,0.04942447642102986,-0.04001569665115558,0.022155997934256322,-0.008411976586028363,0.009419025840662466,-0.0046167051220503234,-0.003758748630095286,0.015776193565002608,-0.016121645679011854,0.010900321941715948,-0.0028208110543216005,0.003242057101165133
s0496_re_54,0.0034111328602281026,-0.02590907676401586,0.012037172718541227,-0.02615115305495319,0.005394386568476924,-0.018391542215072065,0.0075041939887517655,-0.008015216874671249,-0.012259561862565995,0.04454373977667246,-0.058871350237048904,0.06263960370392835,-0.042727952991321275,0.027890892446096972,-0.023115274271475566,0.004764506837613576,0.00960691999185959,-0.04117322222962458,0.04873172758755237,-0.0414570946118616,0.02440762209780544,-0.008725878294106542,0.00897680926640306,-0.005902392204782207,-0.0006531865583280247,0.012925341781788287,-0.016864840135279013,0.011920493445124379,-0.0034366793120197154,0.0015663507922618067
s0496_re_55,0.0033996711346527962,-0.025155110385268423,0.011549858520577985,-0.02612129908787947,0.005078428961826998,-0.018014923530246897,0.005841259280148798,-0.0062421119440530795,-0.01546615578223923,0.0465084414139963,-0.06213849582301739,0.06552445701372604,-0.04549006210642819,0.027509919848783822,-0.021132627044453667,0.0017426318020042448,0.01256872570890474,-0.0444284658465522,0.05210923918073424,-0.04472459102041209,0.025952691849122935,-0.007643412232859431,0.007663094622532497,-0.0026952453630834892,-0.001475713182345949,0.014535872866127742,-0.019480549414131305,0.0140596117470559,-0.004826871467722989,0.0026346857137413914
s0496_re_56,0.004036365614527786,-0.025063906775078148,0.01337598265120053,-0.026010974620011416,0.006242135001780036,-0.01827226314042504,0.008580195769305922,-0.008129764840041435,-0.013451450327399422,0.0472222550647443,-0.062045509736837506,0.06564155527716127,-0.044947211929769915,0.03091561404329965,-0.025735202383495,0.006606501139778902,0.011509545625625471,-0.04393725541590977,0.050091088563548415,-0.041398521816237405,0.02295498115964608,-0.009906220089310466,0.011303612344954214,-0.00656088275405537,-0.0008195026436255853,0.014844499268870114,-0.01565144901617141,0.011441313699188433,-0.0028187693237102123,0.0020513803655063663
s0496_re_57,0.0023917837997546663,-0.022764051118367816,0.010541325043968642,-0.023458465652102044,0.002774447121397841,-0.016316176354556924,0.00672279559549261,-0.009372868076560657,-0.011926909700411863,0.04213513442641375,-0.05666957012842096,0.06006369690170325,-0.039784609326547,0.027458527550442337,-0.021175637548400836,0.005435857093654349,0.012381007137629041,-0.04299756542820085,0.04934457734605672,-0.04074107317156314,0.022232191983333878,-0.008581001345612925,0.008575741628724784,-0.005186826937495428,-0.0025227269238460035,0.01533637626581142,-0.01698565355346488,0.011582136265064838,-0.0032294120354116568,0.002481632429245819
s0496_re_58,0.002418390346746515,-0.023549764904872348,0.009924546109253312,-0.024360548623364387,0.0032026149894570084,-0.016612497365975386,0.005290923995237065,-0.007302451894317416,-0.01300136091966749,0.04195704175702411,-0.05697476836210021,0.061720180493977386,-0.04198412983027171,0.026866633501108635,-0.020026179510425037,0.0036344967571686274,0.01026203562490445,-0.04070285947320338,0.049141411220941886,-0.04321070729837599,0.024806903619950176,-0.008780744993733838,0.006849925904811611,-0.004137607863654421,-0.001426316900270783,0.01361969623563864,-0.01754421633720569,0.014515324630834998,-0.005204844623521734,0.001426538016698712
s0496_re_59,0.002889014602196876,-0.024934677792440286,0.010805987654826057,-0.02611002286041746,0.005033691045390948,-0.017918397004890573,0.005968988532106928,-0.008035820665210367,-0.012658216359558844,0.04282515437335984,-0.05883314479865731,0.06486125279309775,-0.04577439131767414,0.029784577980926433,-0.02227783949073891,0.005820976854883828,0.008138637044397452,-0.039148834327071745,0.049508048429760226,-0.04531531695625715,0.026461165661140602,-0.010591345096262734,0.00802387153679372,-0.0055889299221767545,-0.00030994182838828873,0.011912964554965223,-0.017491756869802477,0.013859991253603536,-0.006370857805352243,0.0021903117312740404
s0496_re_60,0.004216197297757184,-0.02524683056010523,0.013220010461327968,-0.02685143780496008,0.006751019028586072,-0.018875790564053283,0.00830606710908051,-0.0076013153931751105,-0.014206062523671039,0.04734734305520878,-0.06240539063079784,0.06682878228682548,-0.04619696346942841,0.030396671916916355,-0.02386758763962862,0.005623766767876801,0.012085862001794415,-0.0436159568355515,0.050849261102675736,-0.04319429414571662,0.024821532905067507,-0.010347874147328096,0.00913824717594727,-0.005995882958356395,-0.0006646649191722077,0.014196578468257288,-0.017768516185808176,0.012026784995864886,-0.004400334937669798,0.0015759873738670246
s0496_re_61,0.003992241376931213,-0.02492533567034517,0.013107439745433526,-0.02520609686053302,0.004819312729779014,-0.018035299186383004,0.00868769989881358,-0.009708148231377965,-0.011443178077443258,0.044973485345008356,-0.058900946026275755,0.06187534482261749,-0.041555535782205465,0.02986037471320644,-0.02532399444025164,0.0072001109537324194,0.012542673144084478,-0.04303888758492907,0.04889796880287592,-0.03954918831387642,0.02191153807590758,-0.009962564831678,0.01171328292101048,-0.0062211758524631944,-0.002232505641854597,0.014975925390746018,-0.015185947937582345,0.009508188490334185,-0.001139985215881836,0.0029908826820255695
s0496_re_62,0.0033541322712951427,-0.0237054698819951,0.011353867085018442,-0.02436060413262367,0.004018153248542094,-0.01676125443805685,0.006565409837005042,-0.007599652380601443,-0.013224109965127961,0.04461547171279933,-0.05770555983470008,0.061095298185266475,-0.03981010936783352,0.026540425874066992,-0.020954101771831046,0.003627482189880217,0.01392249594066441,-0.043961951686357144,0.049013922503836155,-0.03933123088666895,0.021997062234107672,-0.007973286438612785,0.007965756250812866,-0.004514034233865949,-0.004545290361828243,0.015453989974886157,-0.017314062983451995,0.011007119666506764,-0.003476267874127509,0.002081319672101159
s0496_re_63,0.002755009729730506,-0.02422498881482685,0.010282481478193885,-0.025084910976513632,0.003615134984688688,-0.01766135722212456,0.00555325848249842,-0.00666694554888299,-0.015023763775163769,0.045360429273089135,-0.05911629542215655,0.06136082565989687,-0.04038582641836999,0.026027741954534916,-0.01918926567143809,0.0014869544224919327,0.015394115916465676,-0.04517767453462565,0.04991337654378948,-0.040488679253244786,0.02142245839244723,-0.006245322339455928,0.006688903417893772,-0.00283538568894053,-0.004745594514385308,0.016525616492137976,-0.01799942796997611,0.012639564179840464,-0.003309081768786376,0.0024533925918591476
s0496_re_64,0.0032999088753440727,-0.02463363474665116,0.01161274783995781,-0.02588523135705473,0.004763300922608367,-0.01820652502596066,0.005855261669233855,-0.006670702228783787,-0.015754618337987907,0.046248362976583426,-0.062105158245228956,0.0648918799500089,-0.044468011305857,0.02790219158889408,-0.021011390646743247,0.002921531435970175,0.013519914538049033,-0.04443631518264494,0.05109877543915613,-0.042514385744082096,0.024974252456333702,-0.00837043436398422,0.008653627637157614,-0.0041258003874662654,-0.002497395400116775,0.014642352728024456,-0.018408434019869437,0.012587234783107928,-0.004284026355437616,0.0013067214831003861
s0496_re_65,0.003546168432851949,-0.024195560559895475,0.011900893445576514,-0.024948212640010178,0.004543842743206791,-0.01731039321076316,0.006211640654269263,-0.006817640988291012,-0.015067870729446837,0.04693375429934687,-0.06149784003817797,0.06379334483911935,-0.043389907065842497,0.02767516696097602,-0.021714335178520602,0.0034207478129023696,0.014068649063983831,-0.04522998129523766,0.05102127940027847,-0.04158532537286501,0.023233624278387377,-0.008254755176271581,0.008440625568585046,-0.0043446522606665995,-0.0039055101439295376,0.015244802856156798,-0.017419755976920137,0.012069757826824595,-0.002862624547496731,0.002249298088141942
s0496_re_66,0.003149735582467039,-0.02351860833736865,0.011663568116687286,-0.02433174857759057,0.004512219289007386,-0.016525627901196934,0.007729221015852614,-0.00929689807348866,-0.010058995971766915,0.041408571005342676,-0.056298919408244684,0.06207424299352937,-0.04273500476888859,0.02984253548353993,-0.025582711264771994,0.009027727882516554,0.006945973178025269,-0.03965018448045113,0.04805878731823181,-0.04295533703820468,0.025811355112385092,-0.011296092003166934,0.01119863795218047,-0.007240264514136647,0.0009501754468587614,0.011932061388356006,-0.016438442211797712,0.012210623082915597,-0.0039070039647251,0.0014602331721211674
s0496_re_67,0.0034243241802868613,-0.0247385105635533,0.011530468662033284,-0.026048678714998164,0.005001656571798695,-0.01822920968546984,0.0067385080555570995,-0.00977158022299876,-0.00985310689900368,0.03965623384477364,-0.05517376440784244,0.06307324977909126,-0.044088236838702236,0.030415804764326978,-0.02377171415018553,0.008635676538558228,0.005256857590739763,-0.036595241451858204,0.04662921936944117,-0.04465918321653502,0.027346825387167973,-0.011765381623790887,0.009937114153860088,-0.006467490142981078,0.002809425981152399,0.009457093941898594,-0.01699654354575221,0.013405398825457054,-0.0064697975421582525,0.0019147701941493209
s0496_re_68,0.0035728446075166355,-0.0249896820463866,0.011849434596117422,-0.02586416092122725,0.005180840252817179,-0.018296884725406522,0.006806074777226288,-0.008582293593123012,-0.012689273744678778,0.04294484664671006,-0.05880526524210716,0.06519292704105889,-0.04544196453313053,0.02964934205087384,-0.023567215443997053,0.006365849081828506,0.00832416134789392,-0.040632790417735126,0.04913186517824971,-0.04542695542786272,0.02747209854756667,-0.010633298608785181,0.008512345359659234,-0.0052377336935498136,0.0012463552897061512,0.012081675379872434,-0.017497413440646606,0.014416892242701148,-0.005454900849772205,0.001880273094177562
s0496_re_69,0.003130795429191019,-0.024995822802951404,0.011752167309378257,-0.025487316879318347,0.005186566498144769,-0.017944623409387545,0.007207796816904066,-0.007563425410226313,-0.013967046709901634,0.04623081254581077,-0.06104623286117338,0.06598478876903602,-0.04449034939916229,0.030240868660119033,-0.02261709464558276,0.005197565514951274,0.01196635121049344,-0.044487883871936494,0.05135458989197625,-0.04420307652102072,0.02438094218951667,-0.009845820597987377,0.008476951063205698,-0.004714610295642867,-0.001177940428335595,0.014487433115908449,-0.01812952985923256,0.01295578523154156,-0.004994964870219271,0.0014725616149991504
s0496_re_70,0.0030082487834092683,-0.02420656019506419,0.011017198016486526,-0.024393523542702515,0.004261848801485785,-0.017072712050398703,0.007397655005854812,-0.008994660826813517,-0.011776534613747149,0.043466355584589327,-0.057849407067538244,0.06134738029277724,-0.041745556725542206,0.028765582818175862,-0.024255020253449514,0.006874510748820844,0.011406719651944541,-0.04279646705782243,0.049455951672434724,-0.04072763410382566,0.023010729320306244,-0.010066907399706344,0.009895623163532184,-0.006220636539105635,-0.001960835092781187,0.015350285122705289,-0.016466418875295798,0.011481661201679549,-0.0029206293433649295,0.002285073795981723
s0496_re_71,0.003304400658086864,-0.023391564138162756,0.011291317103677149,-0.024514884323062713,0.004133612318874571,-0.017156337341950472,0.007335255750496842,-0.00815843790374656,-0.012508039223587493,0.043382552604209916,-0.05741663660388256,0.06099987911014905,-0.04181979709623358,0.027950917044533133,-0.02329190233962463,0.0057143106783672445,0.011625918874835625,-0.04162832904678342,0.04871213014734446,-0.04018794334548322,0.023002974438234496,-0.01003122440620468,0.010531639186778241,-0.005282139978528463,-0.0016986772938957072,0.014581074090866031,-0.016189899011086542,0.01052776542804395,-0.002493293179755634,0.002493688511176353
s0496_re_72,0.0033436185515968195,-0.026582364255794865,0.011301934619536604,-0.027247538809885608,0.005095319819883962,-0.019458080157729013,0.007526564854793156,-0.009495246792011126,-0.011649991586372987,0.04263982367207818,-0.05787587012842228,0.06389270035067245,-0.045452206625509826,0.030446978462609693,-0.02504682498550798,0.008010667549491184,0.007571938894793078,-0.03917587200186238,0.04794279155689065,-0.04281179207212011,0.02575005013486355,-0.011660846969309125,0.010537965140801778,-0.0076947701786214346,0.001146303755993047,0.011023624244979885,-0.016219031900614325,0.01300534301095016,-0.004774960736948704,0.0019268273395015045
s0496_re_73,0.0037396936526865212,-0.02420842220306741,0.01245303932562698,-0.02554708026347879,0.005730912582059678,-0.017685700355732175,0.006132194261403201,-0.007013462379865175,-0.014207266892876193,0.04417750588215759,-0.06075452725971669,0.06725011887148132,-0.04705278709880692,0.031063376552436527,-0.022176539081778832,0.006445171266454572,0.008675394950414106,-0.041149461478468964,0.050543089979408505,-0.04725962037206022,0.02786334051208527,-0.011568336906194682,0.008396022003170972,-0.004809796138941756,-8.389400100202147e-05,0.012177350101477255,-0.01906714706843004,0.014317936022138716,-0.006438363852456956,0.0016649474444356397
s0496_re_74,0.0032627277004159843,-0.023963616018732297,0.011327460407013832,-0.024850958531505908,0.004331333524567604,-0.017413839779320237,0.006942837811248908,-0.0088485865017646,-0.011097255943205288,0.04157936148204422,-0.057062192323430135,0.0632303900339841,-0.043604964296417026,0.0296714219087172,-0.023615402980450576,0.007468062478354896,0.008332117444574268,-0.040281302744564935,0.0489187681215936,-0.04485889478563489,0.02620621256172771,-0.011546455740900519,0.01018798061088411,-0.005174788184142011,0.0003634961625342397,0.011911018355184393,-0.016636360079383412,0.013180301192892945,-0.0057274798430540464,0.0017567029897207385
s0496_re_75,0.0037262081662583,-0.02508013752492399,0.01210431731385896,-0.026064647847456438,0.005309919619932845,-0.01850331631115466,0.00774295875002818,-0.009649251748251021,-0.011016314697872828,0.04106411590482596,-0.05657767267721164,0.06300509925368458,-0.044534976392221294,0.03121556418976645,-0.02602682999911953,0.009049888715568938,0.006298192624512089,-0.0384775621409333,0.04752550802997432,-0.04334798952638549,0.02721544902118355,-0.01174377552244616,0.011345612912470255,-0.007370885606655232,0.0015080601944804449,0.010900519087969206,-0.015745288675848127,0.0126242413326511,-0.0036742482466374255,0.0012277172305398543
s0496_re_76,0.003772637598473494,-0.023730018837734568,0.013252813681853659,-0.02529019350388486,0.005933828303448447,-0.017851645504723616,0.007930560319404357,-0.007068474644296716,-0.013460819803964434,0.0445628345021552,-0.05970953903352862,0.0651558971422271,-0.045303381889374265,0.029502269227094213,-0.022834365128370657,0.004727666095884694,0.01016272132526784,-0.04332149585956707,0.04951292546570092,-0.04427033771209453,0.025244521967281705,-0.010290043310021556,0.009458903576936836,-0.00480656598264633,0.00018872204410869998,0.014191852665786441,-0.016999863975443695,0.012885378797961684,-0.004182550560734509,0.0018147527734158598
s0496_re_77,0.003921795557469875,-0.024889847078878837,0.012722946246789926,-0.0256727832856312,0.005410999707779699,-0.0186091490248902,0.008413427942624471,-0.009083484282701752,-0.01274366883886242,0.045665315926171283,-0.058825140766560084,0.06256663355050679,-0.042020632580099054,0.030259666535314384,-0.025235872739711642,0.0066298462485262525,0.013821390142114339,-0.04402941852983462,0.04944128724690522,-0.03928566284524437,0.022566478154303325,-0.01070593573835894,0.011097212304140866,-0.00550855646174301,-0.003548703428787596,0.01535390959767284,-0.015176858265456212,0.010410332214741741,-0.001972310226089152,0.0032437185336115174
s0496_re_78,0.003187599237340964,-0.023858894493040465,0.011138999219505069,-0.024012202112879855,0.0036504435493537996,-0.016904748945183377,0.008079383739343497,-0.008279664989461153,-0.013305776638661507,0.0451259139954622,-0.057171462753241024,0.057416599734287414,-0.039072111725469746,0.028505943891648376,-0.025017999038863845,0.004588819139976069,0.01613433473019277,-0.04436219353217127,0.047310735379765594,-0.0350344013472889,0.02054125464643755,-0.009701180851376603,0.012361929793572117,-0.0041065770503915695,-0.006400740302942398,0.016511009613383695,-0.014032294423190714,0.00848647492290582,-0.0020563287403948197,0.0039455110873788035
s0496_re_79,0.0027821185181733004,-0.02385086580421117,0.010564296432848612,-0.024838691840258387,0.003944916643033744,-0.017226843216596573,0.007187303658731168,-0.007250890247283588,-0.01417890972514226,0.04581941869019805,-0.0568315848217902,0.05837167196933482,-0.03880255480466903,0.026621663653511037,-0.022675000856440905,0.0033399747878604885,0.016094398461474365,-0.044882533121305836,0.04693591961630076,-0.034592877144686465,0.019140821638154233,-0.008550850117884421,0.010109338761446318,-0.0032117654816627337,-0.005373322846979768,0.01611496034001363,-0.014495758037225475,0.008287565915041208,-0.0020109691579192615,0.004038540525073486
s0496_re_80,0.003006559084435262,-0.02552551893634987,0.011010520075115361,-0.02621532102263641,0.004227103641443657,-0.01849179206790436,0.006867699771896057,-0.005703127303843798,-0.017411989703103238,0.048377060136539765,-0.06083995790285918,0.06081700344651887,-0.040332386579654066,0.026593707701452758,-0.021187657630096397,0.0006211863075704046,0.017844808281472148,-0.046624633449780566,0.04893849054187804,-0.035634278795707824,0.019772364891509155,-0.008460452919773825,0.009198515906650835,-0.002121770056693493,-0.0062504081831935695,0.017360900135376466,-0.015591493529300827,0.00999569245071209,-0.0023334132840381874,0.004128777378440882
s0496_re_81,0.0037491886822240464,-0.023856001262143833,0.012571253309697047,-0.02418888331641631,0.005259294471497593,-0.01670219807552956,0.007077888177140995,-0.0025684389942867295,-0.02113226154671896,0.05538375320025691,-0.06477492056643934,0.06284943552649387,-0.04010655398666559,0.024853150708884084,-0.01885004804052743,-0.0060386756411865,0.025942873721044722,-0.05281264430871521,0.04965238301229404,-0.032527312714934836,0.01615527408332248,-0.007164531421688168,0.007814118235119837,0.0019737484980172342,-0.011154238317354544,0.02034311728302686,-0.015465998252592388,0.007194727587419678,-0.0023084430448517537,0.005119218229529897
s0496_re_82,0.003937045532825343,-0.023915193008156192,0.012260730280341943,-0.023249096808391715,0.004360613987027442,-0.016597574142164877,0.00828044167764864,-0.005863009005741843,-0.01674353162700294,0.05030829076246217,-0.059341786933173865,0.05818952416122864,-0.03772929861864501,0.026319220837330848,-0.0223584257564155,-0.0008625911979706875,0.023041159698942933,-0.04959025879608508,0.047629432609235675,-0.031575864466784516,0.01767162707014906,-0.008135301742917793,0.010286979988122197,0.00028702483092511635,-0.0107708536366256,0.01904624596313363,-0.014290558900339605,0.008096340553674083,-0.002736850486725453,0.007005010575389039
s0496_re_83,0.003523748727759763,-0.02367066983079487,0.011616165257077588,-0.024474679669543503,0.004379011784114806,-0.0180020709923515,0.00916223697090421,-0.008187449946216162,-0.013455605086220268,0.04593108692081764,-0.05628570093023231,0.05750543788297609,-0.038038688734008744,0.027915004362075498,-0.024406330993349237,0.0032624576186995663,0.01677682240662561,-0.045145935375685876,0.045485168157600904,-0.03328300576109065,0.018548097233730805,-0.01032997531002723,0.012236280771730987,-0.0029822585078673664,-0.006474244253167426,0.01610458842709127,-0.012770195765798832,0.007230543922330831,-0.0016155529698109936,0.0052219369331847655
s0496_re_84,0.0028401346231246957,-0.023779919806039843,0.010901481635949797,-0.024412532699715522,0.003851856710026564,-0.017471298213324604,0.006752782611278836,-0.006145059004563337,-0.01537226561017122,0.04681999715062114,-0.05830525939978571,0.059925897418168624,-0.039806685267438385,0.025524306575788986,-0.02062587240095247,0.0008698912545774918,0.01686696607266546,-0.04573409466600589,0.04813256446016332,-0.036603992881111845,0.020052498432257128,-0.007849545563710323,0.009303515986646216,-0.0030230969989780312,-0.005687555577393567,0.016662355041145653,-0.016499477463784336,0.009914046429386491,-0.002461783785206498,0.0030138188148183705
s0496_re_85,0.0038306736354344366,-0.024964654017921688,0.012344367081973015,-0.025651395363942685,0.005800042627772434,-0.017800215927364457,0.007616059437501773,-0.006380519788988665,-0.015103226188183584,0.04717166618734785,-0.06062352686410955,0.06330977018600674,-0.04318718548142832,0.02764604059951305,-0.022245212000495524,0.0021193133791363875,0.014668576541317863,-0.04486119469330794,0.04928502321154596,-0.03869761622370908,0.022343332785626585,-0.008529176648482321,0.009719115033301726,-0.0042423210901366,-0.0036279057867639533,0.015186934028682722,-0.015905020488031784,0.011837973899769184,-0.0025424114498843564,0.002432291459294683
s0496_re_86,0.003971142855920774,-0.02480278961194015,0.01295403037475814,-0.026307407929601262,0.006673115900002744,-0.018817097505383837,0.008741286197259968,-0.008639986279672503,-0.012538172116142653,0.04477166563954188,-0.05864635661848307,0.06501309772153549,-0.0441695417987977,0.0316671468047753,-0.024154473285272118,0.007755728937010938,0.010928670100013362,-0.041604889630725894,0.04856181105851887,-0.04152385497992979,0.024079655690527977,-0.011037076964839012,0.011383150189405356,-0.006034388159053418,-0.000853741953537649,0.012764182898905182,-0.015529427365407295,0.011437530643415234,-0.002590498994965773,0.0030211306178092945
s0496_re_87,0.002886570886878992,-0.022990031665408132,0.010538644274764393,-0.023266784343263465,0.0036807392782045012,-0.016085767730998523,0.0073045446568473895,-0.008060718341201503,-0.011651350682239565,0.041465036339711506,-0.055481580076863234,0.059240858231602675,-0.0392462021638414,0.027870599374865364,-0.022145049066773018,0.005256809623001178,0.012154288519116242,-0.04237377145213766,0.04798071106751048,-0.04016785580155607,0.022757703969206594,-0.01037251320459272,0.0102303684237398,-0.004391435394533998,-0.0031378500660047613,0.01494874484473904,-0.01626960338979776,0.011269317814643994,-0.004009585001986583,0.0031967960939097624
s0496_re_88,0.002870256904528952,-0.0226294714947403,0.01008445134577887,-0.023382766125638086,0.003458613245396987,-0.016128525789006892,0.006081734380678126,-0.007652875283042254,-0.01268863523694819,0.04160777409972875,-0.055706165490849634,0.05962280370925612,-0.040257432793327025,0.026841311090970987,-0.020975576689051298,0.0039229445034399055,0.011775336605452569,-0.041348853064036434,0.047779510265983205,-0.04002057609664255,0.023609800170631006,-0.010007095911152456,0.009152132284930949,-0.0038137863661762256,-0.0023827143959016207,0.014229300354074655,-0.016917252264032102,0.011904415874130582,-0.003634273645389233,0.002986302143932221
s0496_re_89,0.003140012964633962,-0.02471835229377699,0.011032962182835476,-0.025609678694487038,0.004605174105268122,-0.017980227894213628,0.0069387539437298605,-0.00807049822714002,-0.012811852729505151,0.04235001500638678,-0.05710142632905445,0.061606378816037595,-0.042956317831344015,0.028625137834161214,-0.02263803563426238,0.005751788086482198,0.010049938929363962,-0.040424417645886966,0.04745083616620982,-0.04020982088136662,0.024430376551277114,-0.01053082217670696,0.010154554121823766,-0.0058893927468951016,-0.000717502119830428,0.01268459352758839,-0.01633029741476627,0.012312212461333514,-0.002833440481634885,0.001830174525618246
s0496_re_90,0.003572225446560916,-0.025176276086037785,0.012091540039763761,-0.026368718067714313,0.005505722157957993,-0.01946901183498358,0.00768856802871158,-0.00779956531557706,-0.015058139268384523,0.045845004655895284,-0.06094249105964575,0.06436719225217834,-0.044688382758107645,0.029788920197153027,-0.023532353117922112,0.004709533497493035,0.012267854630481443,-0.043879957115517655,0.04935410894350489,-0.040932060926228815,0.02362580446517129,-0.009253271983530896,0.010789514853327036,-0.005285300587872257,-0.0017373008649292558,0.013534598710903943,-0.01713230375642183,0.011253053310818885,-0.004075800969587822,0.002780859471217906
s0496_re_91,0.003200504004503573,-0.023702014350758135,0.011825145168759536,-0.024144309751526205,0.004396352948501384,-0.016552422947639707,0.007326868458791498,-0.00585576210572964,-0.015343966893613396,0.04844020644932759,-0.06048686185594986,0.0623147186044368,-0.04095551854329272,0.027999553905967298,-0.02211472154615746,0.0024192603824335613,0.017509909036942353,-0.04713926679592174,0.04964645594388596,-0.037880890188833526,0.02044412036496522,-0.0087001914685139,0.010334065662133313,-0.003438381778060148,-0.006271425240323916,0.016488357578179777,-0.015542240594699242,0.010118352662236004,-0.002317666091677776,0.003937859488374274
s0496_re_92,0.0029750997087001716,-0.02314071683910438,0.011051455026533702,-0.023474300573483563,0.003487812082216369,-0.01620753036080361,0.007152505785499257,-0.0070283556954870334,-0.013555813227321134,0.045569858223193295,-0.056979381591865254,0.05889041034873184,-0.03762790169407934,0.026583289169359568,-0.02195056993331639,0.002598827566797488,0.016775982680134277,-0.04564667587156291,0.04805451078703594,-0.036345180757595186,0.02045176768660552,-0.008403048378527386,0.009803171310221685,-0.002980089567566764,-0.006177905357297424,0.017279987313919023,-0.015830397507002682,0.010675478992273061,-0.002525551068466325,0.004255785392917839
s0496_re_93,0.002833579077549912,-0.023901391495875144,0.01112986343190555,-0.024409617756903226,0.004132718128899559,-0.01675904004763841,0.006334339425169513,-0.006060963707043882,-0.015386967807962169,0.04694461987753557,-0.05822268764005197,0.05938703230743229,-0.03786548554804036,0.025394806272142308,-0.019854838141431793,0.0002403336801560777,0.01815791682557643,-0.04653335631257478,0.04773826527989725,-0.035903375597127266,0.018119117847763527,-0.007156832673158742,0.008756537020254161,-0.0021932157708164602,-0.006186961366925131,0.017310844693622093,-0.016346669030546185,0.0106327189101159,-0.002420766835289418,0.003841378891722852
s0496_re_94,0.003166107140607244,-0.024328239503345173,0.011011681729560704,-0.024885378131664655,0.004271100480746349,-0.017126674483405435,0.006263826028312231,-0.00557492344188375,-0.016429386438141416,0.04828581623518531,-0.06007848469639364,0.06196776233607895,-0.03962866562772364,0.02556970224423831,-0.020571640781961057,-0.0006682933002137736,0.017593250727515514,-0.047485874965560726,0.04939788791502212,-0.03733488927164801,0.019888923519928946,-0.00782115051139247,0.008326460268276445,-0.0018648560012279696,-0.006153625784009186,0.017843475011679252,-0.016938348471063992,0.009733150686782675,-0.0026698895670729927,0.0037284210761078787
s0496_re_95,0.004190079228619504,-0.023836751966577623,0.012033490657688342,-0.02526946958356316,0.004992928125770476,-0.0176125896645238,0.006503819474060649,-0.006961728145114518,-0.01375505566238412,0.04464705464496662,-0.05981357823723812,0.06426014830102038,-0.043798499986793665,0.02810074174798063,-0.0217325005770488,0.004120817787243616,0.010995147120555927,-0.0428770064355259,0.0490211283085514,-0.04278026283218151,0.024834167817704093,-0.009412309371359178,0.009219322311644752,-0.004506170709639612,-0.00015276711418946008,0.013719177519927355,-0.01668415445403619,0.01316067830634772,-0.003958904600699779,0.0016857674117570962
s0496_re_96,0.0025938224784202582,-0.02376885083817814,0.01142485721600852,-0.024081431455920257,0.002902532957104558,-0.01637484237648558,0.005891111552040967,-0.007528818391297918,-0.013857638910672751,0.04530236593126866,-0.05835022690503133,0.06176115736467171,-0.04015294502728198,0.02776199814651201,-0.020871363584812327,0.0033398089852368184,0.014638313309766343,-0.044994683805479205,0.050245757934852184,-0.040350371225469486,0.022007849918760487,-0.008421111864288624,0.008267496537559081,-0.0029619712097314166,-0.004077087617499522,0.015567251074864901,-0.016911679650972396,0.01185807409626781,-0.00334845243546251,0.0025751312074153284
s0496_re_97,0.0032936004988058944,-0.022730791083994527,0.011226013963368184,-0.023953346287674145,0.003927641594851534,-0.016569374602183082,0.006894225192470887,-0.0077508400488096535,-0.0127865787672068,0.04348351840694407,-0.057306255186157666,0.06039468267392157,-0.04012297714453422,0.02714443911989483,-0.0221997544080822,0.004966661099956044,0.012637095634601827,-0.04289989901616522,0.04879089489452832,-0.03975674661622156,0.02287047163373281,-0.008856315178839577,0.009799903410801863,-0.004813626297197357,-0.0035601288106237756,0.015231928395976231,-0.016184792898854064,0.012503360181053831,-0.002688147945213315,0.0030174831755490237
s0496_re_98,0.0033937847266247,-0.025112849975149728,0.011823559708701518,-0.026068240299473133,0.004906124905500055,-0.018492173306545488,0.007267625021248493,-0.00706796054019624,-0.015182401681912615,0.04663032453435762,-0.05967131216637608,0.06085467108406642,-0.0407930229080927,0.02715053476183679,-0.022235113750805002,0.002733316626651887,0.01590667986906689,-0.0449510048390026,0.04861619205632839,-0.03728487833561543,0.020071331048768466,-0.008583111050760305,0.011136584734517294,-0.0042651484429087,-0.004092705949462344,0.016291752050504316,-0.01600536166575662,0.00938243025732715,-0.0013650513996448545,0.0036296973924104642
s0496_re_99,0.003912404772076388,-0.024620340068922938,0.01254238369583153,-0.025667312550059163,0.005719813083919897,-0.017980546372762776,0.007454389575934786,-0.005305282253908634,-0.01865975009381993,0.0521079527858892,-0.06331791226003051,0.06263449210426629,-0.04040617307673292,0.02624351073184787,-0.021620780699409575,-0.0010707263014936557,0.02068454689900223,-0.049158256114556036,0.049215940253735144,-0.03472647894131806,0.018002828510572794,-0.0077420303846285395,0.010279592756078582,-0.0025279058184893336,-0.00723873987966027,0.018533282771956254,-0.014983422059466416,0.009204492924655215,-0.0014085482132242628,0.004554031743200964
s0496_re_100,0.0033605228569055464,-0.024668958764264007,0.011956507531580498,-0.024362055009944154,0.0037247519923593346,-0.01702240387388739,0.007819711186924004,-0.0040870158870302846,-0.02071533686110988,0.05490908856270875,-0.0626156325308501,0.057795840291733666,-0.036943335659285335,0.02491845342272258,-0.020549180674250777,-0.005763673021761127,0.028868451977175656,-0.05226256296014263,0.04663528251426223,-0.02749688860255116,0.014279724230877887,-0.007454537812842728,0.009558125978932791,0.0026819771199830017,-0.013141069678103958,0.019966125774327537,-0.012003714807414705,0.006646258092158792,-0.002349367325060684,0.006525089718866991
s0496_re_101,0.003863739066831277,-0.024425610811055386,0.012010742809543364,-0.024747216375476066,0.004280371900317681,-0.017911760458666635,0.008856857459227383,-0.006470520080525392,-0.01745756662114401,0.0519462565999183,-0.05986643553469923,0.057436916873180775,-0.03680356783069612,0.027331261791726118,-0.02316872661009491,-0.0008997605716945542,0.023196106001084387,-0.049304880580153254,0.04483283594846132,-0.02860826084745405,0.016085773823017784,-0.008718246175883859,0.01120071514415386,-0.00021079237997771413,-0.010656602084581471,0.017418975288585773,-0.01101127772435243,0.00630936784549349,-0.001565477855232978,0.006131610656581364
s0496_re_102,0.002742149601015447,-0.024167918459427864,0.010726718650134739,-0.024432910682428387,0.003053214798200597,-0.01657330341303896,0.00617470529193408,-0.003906862731768652,-0.01946230871500468,0.05201575739797324,-0.060642162686145466,0.05740026089543931,-0.036258598559906895,0.022082835922211205,-0.018499159765642,-0.005381178961131146,0.02556889435340853,-0.050278264499319276,0.04803583397505058,-0.029314850430826846,0.01448294291519969,-0.00522154477857641,0.007635250110829143,0.0012965138502017183,-0.011685981902524456,0.020373159422749663,-0.014586881025068152,0.007660020981480769,-0.002406834519826773,0.00558474175540053
s0496_re_103,0.003737824467789079,-0.026355971025869757,0.013067363032204906,-0.02689957444186893,0.005938509688296749,-0.01892667370168972,0.009047552707496647,-0.0031367894864256342,-0.0222468119906787,0.05729307868056524,-0.06480158886061385,0.059196130881882254,-0.03889754857154354,0.025888100391450595,-0.021393753759126083,-0.006074804416547944,0.028422431273379314,-0.05154659579556418,0.04609119098223607,-0.0261097094604178,0.01446874073260007,-0.008017828378981759,0.009533751509175865,0.0025763298251627663,-0.013002232574267998,0.018424381074566374,-0.010912287977361912,0.006503306562598009,-0.001887667761242212,0.00787444086473342
s0496_re_104,0.0039020107059995817,-0.027082299427855575,0.013596126452350485,-0.026393371933768665,0.005259923110043457,-0.01861991091496742,0.008412241968003583,0.0025240042375962225,-0.032604100050764195,0.0686928238764895,-0.06754271252290096,0.05435396963956528,-0.03497991458744425,0.02212579110855236,-0.013070113788190816,-0.021808390922355793,0.04500503441869454,-0.05472744569761044,0.03781308833748941,-0.01613232584528785,0.009966102701519122,-0.007063660426183772,0.0013179679698765206,0.014096522533641437,-0.020086022875862686,0.016449897450141505,-0.007233701260535381,0.006254305648473641,-0.007148074229501237,0.008570525713055078
s0496_re_105,0.0035298710997996125,-0.024534825974402454,0.012714167455633694,-0.024313340073090047,0.0034024698098944622,-0.016717490799446386,0.009266046273564532,-0.0007975033417478403,-0.027486374949222157,0.06284752580920429,-0.06224644333689337,0.051923252216626276,-0.033579957219716634,0.024464729464966164,-0.017033707940039774,-0.017457277634022342,0.04006209746896343,-0.05271369742836759,0.03710008011515915,-0.01709248266090918,0.011741195781035932,-0.00915331366154108,0.0036879901310843664,0.011787229355778197,-0.018941080294433685,0.016590200358486126,-0.007218869919471225,0.00690217202668333,-0.00654910673200838,0.008055843366166741
s0496_re_106,0.0035697829170231125,-0.02434087664673424,0.011901126725462032,-0.023975458509616465,0.004014124426741719,-0.016614849534667214,0.008229225542746809,-0.002981685862265811,-0.022021964076779057,0.05575810306231229,-0.06034975547481341,0.05361827215610945,-0.03399041109134851,0.02290928024804221,-0.0181044303872099,-0.009635829980297779,0.031968948593326614,-0.05106200742953619,0.04211471192791394,-0.02256082304688669,0.011525564162325077,-0.007155088389299117,0.00740232385303831,0.005499518664858533,-0.015223779571703405,0.01876822466725503,-0.009715747592844746,0.005692320198488427,-0.0037686683996096338,0.007860114150207171
s0496_re_107,0.002528225989241063,-0.02525722490241775,0.010342539772592314,-0.025083382023430034,0.002460443775097523,-0.017355319407113254,0.006152633348107016,-0.0013432107889448514,-0.025455106424411306,0.057944238390752974,-0.061968274131712645,0.05264811556217117,-0.03272856331575961,0.020499104636572067,-0.014592483405455681,-0.01320867086526649,0.0351197101923595,-0.05173322696543654,0.04083682893570254,-0.019950709716823348,0.010865233829219457,-0.006296139130287263,0.005025645869602613,0.008211123609068416,-0.017399229059901877,0.018411534639925033,-0.009823921208593461,0.0063624401747921396,-0.004277476574639399,0.007796645473267355
s0496_re_108,0.0028734495664259137,-0.02549626334026041,0.012028756240648957,-0.025112605343120424,0.004547155561703089,-0.016927454727602067,0.006918826179677231,0.0012611774131486802,-0.02816750716747417,0.06376153819838845,-0.06487080677255903,0.055495759763695134,-0.03446591383369787,0.02232312360415187,-0.01575064557674424,-0.016517603478072074,0.03881002873276574,-0.05440760591571578,0.040469416820751336,-0.019192782976933047,0.010739814961641354,-0.006584849951399984,0.0048993207577951664,0.009918615909397584,-0.017653602454239345,0.01769247007549366,-0.007992856837029287,0.006123461538353086,-0.005273909518204257,0.00844556554583305
s0496_re_109,0.0033126520279015627,-0.025501524083980737,0.01278130904791698,-0.02466256671847435,0.004182000047834099,-0.01716873288939372,0.009038953043947194,-0.0006621093551631617,-0.024856179997546135,0.06118206124031032,-0.06192966304682154,0.05301739397399472,-0.03446102063199551,0.023491204604519297,-0.018511111930182716,-0.014852954146093205,0.03640755355358065,-0.05260001778684582,0.038646470486759836,-0.019062971306768817,0.013136286452237892,-0.00788745447523213,0.0064940667408071905,0.009740324577291716,-0.017802441835519173,0.01694737873891553,-0.007950675987372424,0.0070520916158729055,-0.006431395275465971,0.007554229705753007
s0496_re_110,0.0030575539496339632,-0.024719441195382955,0.012219133719897895,-0.0244657864882699,0.004068738615564208,-0.016862313164424634,0.008915186594373823,-0.0033995884647653974,-0.020274320054362933,0.05523513257700517,-0.05965703636481417,0.05372690952982861,-0.03490927744984001,0.02442902330482581,-0.02128106955276794,-0.00782071078575641,0.029210773335972287,-0.05021438334590763,0.04182588821218944,-0.02248141903984115,0.013166679497039133,-0.008150764293060166,0.009529678112158055,0.004227947317767781,-0.013830092577590113,0.017119983129400943,-0.009487370022811128,0.00636463479021653,-0.004390921796820107,0.007095534833325852
s0496_re_111,0.0027761756022328847,-0.027407517888489552,0.01116280388569761,-0.026960131376239233,0.0027439739657539003,-0.018914264692205068,0.007284962452713536,0.0012447105671887133,-0.03124860778489733,0.06421006344625915,-0.06316397420595082,0.050294559083276374,-0.03298965093485562,0.02118677505065859,-0.013745806875916205,-0.02194003914254523,0.04349839123630565,-0.05074640683481066,0.03424089076603323,-0.014970183594378338,0.010987038245041615,-0.007006736723486137,0.0010711636643417428,0.014233119983042934,-0.01919872009219679,0.01510580196407865,-0.0070034834256003506,0.007564448498810094,-0.006980888219526697,0.007852743696539988
s0496_re_112,0.0033330836411751366,-0.029224438422477447,0.012373475260844726,-0.02738013438834991,0.002798225575577674,-0.018741878436853182,0.00637187749071807,0.01430493658099157,-0.04837588010742168,0.07830263544166488,-0.06258610489567537,0.042485441501469996,-0.03334254185128588,0.014943210110363994,0.004685126689358533,-0.046658799086439814,0.05425212540283352,-0.040311013563924615,0.020631273863172216,-0.010063714795007225,0.01016063852433466,0.0007985572455512085,-0.014625249449541378,0.019441505243282965,-0.012699007992163882,0.007389980611956778,-0.00763104986718821,0.008159040253618334,-0.004919663387307774,-0.002269208147264645
s0496_re_113,0.0032015597771093457,-0.028749839190351487,0.011958687157216982,-0.026306166709087708,0.0031205038903114606,-0.017619865976072423,0.006165234730287753,0.017790435368001078,-0.0526072385733402,0.0788967931087585,-0.061015475724197785,0.03778472337941833,-0.030059430153002057,0.00877759986724891,0.012814094159236199,-0.05294710419014911,0.05371337071738181,-0.03531771236976103,0.017195414333406666,-0.008532643322606705,0.00848942933322463,0.006548575935342247,-0.01872583854672134,0.018844091798598205,-0.01145451393711973,0.006713040707566017,-0.008493359175104789,0.007491445131997073,-0.0023534762319113354,-0.0039451148667758035
s0496_re_114,0.00675163207062672,-0.025177684781364878,0.018112717817173985,-0.023857716079464148,0.0044520760787039,-0.02169278140894285,0.002726455082402231,0.012095808763300403,-0.060231237237586825,0.07477092348012979,-0.05869596693979634,0.04278269378761094,-0.029301394410721215,0.01687388576989804,0.020815819845818487,-0.05074341161292097,0.05087532476477367,-0.03139681465128077,0.015654588816133047,-0.013906850039264214,0.00966962325934284,0.0070720818471870705,-0.018932193526127537,0.014820483828828078,-0.009223031877643931,0.006171526769169634,-0.008598983073255085,0.006284796498793871,-0.0015118891502391213,-0.0037531625310900005
s0496_re_115,-0.004082877542708266,-0.009575140733465591,-0.004556968326777977,-0.004568398107626545,-0.015777863994035655,0.0016771454171207623,-0.008538457920125544,0.01934097206831316,-0.03150895081258852,0.03343216746723781,0.0076966266215168335,-0.030278782428528713,0.03531103419666472,-0.029615662221887835,0.020137954479555107,-0.017932306135637177,-0.013726924152749297,0.04146195273054193,-0.04683971785844666,0.026017864735143517,0.004396292665623964,-0.015100630563308674,0.021729444631569856,-0.02630244011453299,0.029278301867348196,-0.015570768102468682,-0.0014533743544985012,0.015547144259876803,-0.011920313515836592,0.012360989283683607
s0496_re_116,0.0029225947507742103,-0.025347290135560956,0.010782436314937482,-0.024292754800970304,0.001781868187466094,-0.016736756463990022,0.006170253561263897,0.005425612525948,-0.03286534846322282,0.06446942512971163,-0.057488403195227925,0.04375773119104849,-0.027108011025214707,0.015431939569925139,-0.006390708191757711,-0.030183169933226943,0.04556532517476775,-0.047466017849691,0.02740891039975838,-0.009285092226322464,0.009075949768424347,-0.0033988892094347404,-0.00658514945514606,0.018832039457386304,-0.019763923315360372,0.011375176789782943,-0.005924528440390356,0.007413813911697039,-0.008311596131931923,0.004448872336772541
s0496_re_117,0.0022264771188039716,-0.025578649898383345,0.010084504069967241,-0.0249355182168607,0.0019715617999872537,-0.0166026120080583,0.005615993838793999,0.004748616201427387,-0.032155411005983674,0.06513973678951566,-0.06205965771539586,0.04797724386003018,-0.029151555892050852,0.015665913078250673,-0.008645381892980841,-0.025899761038143784,0.04408893814689129,-0.05039207521871914,0.03332767683986752,-0.012546608935687991,0.007690921633251082,-0.003776900543117228,-0.00236896856544749,0.014940888590485467,-0.01992227102756958,0.015964486019339814,-0.007111116245141266,0.005667741239997029,-0.007094083698828481,0.0067957487339137795
s0496_re_118,0.00320927815412069,-0.026586190829084456,0.011823200413677667,-0.026274130529244388,0.0034594674652646948,-0.017657733064376714,0.006149636011465754,0.0032065475055739635,-0.030878900925112997,0.06460799177207205,-0.0655350883041233,0.053803048894274695,-0.03385711717755251,0.018694384425400883,-0.01315258656523728,-0.019707226083137686,0.041172058581095954,-0.052602035826593535,0.03835309368259428,-0.016079777073963176,0.0105911253085256,-0.005228150397542845,0.002978492867264566,0.011309104431241121,-0.01902713295320052,0.016700223740809966,-0.008428960284226796,0.00631024653720415,-0.006404784383472157,0.007498220565050645
s0496_re_119,0.003444009881682898,-0.024602209196579395,0.011781095028205173,-0.024554597633008504,0.003884042794641825,-0.016859634531914122,0.007732255765369394,0.0015282665504120496,-0.027726361740208726,0.06297847371178546,-0.06220713069524947,0.05297607646936088,-0.03364807205624273,0.021786850180714426,-0.01554174771928937,-0.018014602268126862,0.039608389128730034,-0.05128483132527126,0.03710038016448112,-0.016655312950241672,0.011267941438297709,-0.007095422419298756,0.001925951691418178,0.011685868460533037,-0.018455518182138315,0.015885503833495202,-0.007882291411878756,0.0064694007151232,-0.006421202162956358,0.007871146386412535
s0496_re_120,0.0035941150702061405,-0.02451571796432951,0.011312529875151994,-0.02403897300922865,0.003243710974947485,-0.016705131877210132,0.008505668348445962,-0.0018182678712703349,-0.021927036882825157,0.056286755585942164,-0.057451060714051004,0.05071336479205734,-0.03321811776760987,0.023195458265142875,-0.019307576340194327,-0.011926484722452575,0.032921890507485035,-0.048764274066095924,0.03769993089366239,-0.018527552953063825,0.012932047771394728,-0.008478220867072622,0.006275231781272951,0.00777507317969853,-0.015502615243413955,0.015199503637524422,-0.0077912322961258326,0.006493435897966418,-0.0053867341852434514,0.007968926067674338
s0496_re_121,0.0035363170781820335,-0.02622326517619245,0.011201811508169969,-0.026245001711276594,0.0038801218728320695,-0.017806694541217208,0.006851247909785408,-0.0005769762631473003,-0.024500420577633582,0.058054315294598445,-0.0606797707815616,0.05348803367102803,-0.03372306521577734,0.020862714905030458,-0.01608157768268496,-0.013418724007178012,0.03320304079380001,-0.050242957639798864,0.038662443888051255,-0.01964788179800822,0.01198220539437783,-0.0062121027362488715,0.0052723568989749255,0.008085674148925246,-0.015988524526263787,0.01620868074716625,-0.008213450522066438,0.006077252163742577,-0.0045113669307872035,0.007351759680751931
s0496_re_122,0.003889196241697087,-0.024275978725205337,0.012551748401445052,-0.024987733720104363,0.004929204204649427,-0.016156584860553668,0.006459243070760788,0.0008966577239015069,-0.024427580035169795,0.059371068575199554,-0.06332717994298867,0.057487495244132034,-0.03468977499364479,0.02117181447604789,-0.01565668889457928,-0.01235581577620611,0.03187903298510013,-0.052695666640884015,0.04213201153075075,-0.023792611837833204,0.011554038375665907,-0.005435183289303043,0.006092648826448628,0.0061506161120477645,-0.01439198237448185,0.019270971520369478,-0.011086515702573779,0.005884902314646485,-0.0031662417156760447,0.007143466024522466
