ID,CC_1,CC_2,CC_3,CC_4,CC_5,CC_6,CC_7,CC_8,CC_9,CC_10,CC_11,CC_12,CC_13,CC_14,CC_15,CC_16,CC_17,CC_18,CC_19,CC_20,CC_21,CC_22,CC_23,CC_24,CC_25,CC_26,CC_27,CC_28,CC_29,CC_30,CC_31,CC_32,CC_33,CC_34,CC_35,CC_36,CC_37,CC_38,CC_39,CC_40
s0275lre_0,0.004239847124408208,-0.007298546396118261,0.0097798677833981,0.033703292207106425,-0.00858577660353441,-0.01164904413907175,0.010716256895452435,0.0016836461904698938,0.02300780044810203,0.005059875925481629,-0.059173167544097696,0.01824899174164047,0.08667038108946763,-0.06308237887653277,-0.07277074757693484,0.09176436543123294,0.006667711655469622,-0.06886633900832988,0.05468485519916891,-0.014460789944652585,-0.06836454612544564,0.0987809896423335,0.010895141289229457,-0.1388726080492259,0.0661196545884013,0.0989869082310096,-0.13037338028183945,-0.01404991813015543,0.10561360121005796,-0.08480068040781247,-0.03632224818301277,0.10440590807652615,-0.07820925858002949,-0.06893303045292473,0.11404749983737363,-0.03918521318711635,-0.11280649695724582,0.08700731323583197,-0.0063132731457926534,-0.11833747718033788
s0275lre_1,0.14866412175886579,0.2662702629448635,0.30216001864095055,0.27865403370129516,0.23941104715309997,0.26962788008863,0.23699775643766485,0.22350088217466615,0.20256390353449258,0.12698213976423117,0.22351405991488968,0.08096305933682504,0.02641170468827749,0.20305547710776725,-0.023031610069942057,-0.003950791515382947,0.12031950157330565,-0.08966379414696163,0.026808465298152534,-0.005635155113676753,-0.1312599873425703,0.10508531058399419,-0.10587763483075291,-0.1061318193975693,0.1464809827559066,-0.14198023095992995,-0.03828756599479247,0.11522046380322504,-0.14410896537916343,0.06734478164243773,0.018435093477871322,-0.10173616362389885,0.1287113127770516,-0.06439446329215426,-0.056153038422594614,0.1306480798890425,-0.12909041693423678,0.02553417516076032,0.033851548874766005,-0.09900269807853378
s0275lre_2,0.09568300483047112,-0.23042014944303113,0.2738265234561581,-0.283925367507914,0.3392294293791455,-0.41206968535431143,0.4922803703299633,-0.47628153583212224,0.3720212964645673,-0.24041107758793076,0.15571752020477014,-0.08783118889464198,-0.025862668855443683,0.15194925800051423,-0.19736137712203086,0.14326538558530993,-0.07523997482643541,0.0614062205788554,-0.07288496604644482,0.05029180371994373,-0.0007993460253854853,-0.020510608978626593,0.001343465336141018,0.01784784397367949,-0.0063372593367440645,-0.013410048323054573,0.01272297358121268,0.0008983095734144164,-0.007053062694220404,-0.00023326416051521254,0.0078554380618102,-0.005990059557526503,0.0006240076275478168,-2.5095997955181843e-05,0.004349671524459611,-0.007110329181418526,0.004297205739572322,-0.0012957546950967279,7.712570685179207e-05,-0.0014822723667593674
s0275lre_3,0.12976624817336707,0.25842211674093274,0.2887968957975964,0.264583567840017,0.22461960229016054,0.2531013707665572,0.22582287668032172,0.21025224314904933,0.1896761589794497,0.11112216077414352,0.2167696198647165,0.08060583957560404,0.0055132403662139515,0.19814571709722503,-0.010160637546757202,-0.023740385413690977,0.11828156083981826,-0.08169901163098801,0.02145088535140208,0.003311932708322973,-0.1449667577907016,0.10523367658815805,-0.07223778333794932,-0.14373290149752663,0.15256839641244718,-0.10734980105856115,-0.07158595527288385,0.12494367404744856,-0.12940232364545057,0.03995932181563689,0.05019587874666405,-0.12793272784327958,0.12408858072291643,-0.029527255185751403,-0.09156651662886985,0.13210413993274975,-0.0915594271268075,-0.023335496463547954,0.07055285659430334,-0.11318301609287838
s0275lre_4,0.08845113761634361,-0.20483606035525073,0.23158197922760487,-0.2639512683401285,0.28118064484475297,-0.3558361708583521,0.4331113676317002,-0.44797928030318923,0.39129995603661716,-0.2589509012989757,0.17637735477505057,-0.11527302228226022,0.04090465189850623,0.07133412184390502,-0.17798199803309683,0.18050448887178214,-0.11669858471138417,0.0638241252351687,-0.060286352415133276,0.0706632062574603,-0.046067299500160586,-0.0008491120522180595,0.019957854550525542,-0.0026503633377858125,-0.017078968751693412,0.012872764388613355,0.010122333732013203,-0.015028236701487304,0.0031959865880684,0.0070206601457497185,-0.003540255694092349,-0.008452129251053424,0.010530710375043132,-0.00516464995728407,0.0015147067433265093,-0.002229559955630776,0.0076604874667667985,-0.007166655255166008,0.0036965379898774835,-0.0003963010004650206
s0275lre_5,0.16807819173125935,0.25148661957623863,0.345394361219645,0.24966779835036956,0.27720001394401395,0.26937191072486877,0.21885030723743917,0.29489087828781774,0.047263879817022375,0.34420970667587447,0.026141396099800044,0.08255142780973225,0.22822691533452316,-0.1261970213766487,0.2294206556224428,-0.14606688562653694,0.11709891907255501,0.003922179573312254,-0.20200825482979476,0.23248054464380305,-0.26383707795587436,0.08739043860001894,-0.04039040067092238,-0.08424476595483969,0.10213719831994265,-0.17855248560190615,0.15559289601214696,-0.10330446472403206,0.008858687820318,0.06108072447274544,-0.07576452336892903,0.08855475899858001,-0.07557740248844484,0.06240222971176654,-0.02204532348470374,-0.02180495807146008,0.04924527139715586,-0.05850639714777059,0.040553498827274846,-0.03702552628129938
s0275lre_6,0.10906947151287705,-0.22445529483959237,0.28008796438127415,-0.288888360973543,0.34298580143282753,-0.4171141776964544,0.4962645702972154,-0.47347531598518205,0.3628781724189876,-0.23101067168586786,0.14949631100183886,-0.07846902438922765,-0.040594698413848475,0.16527597842696,-0.20016109202324936,0.13705059936344044,-0.07321577751699763,0.06599602432279457,-0.0739399587506396,0.044967847338802,0.005253846382602962,-0.020590067325199104,-0.004211837776604999,0.017279319941805392,-0.002421061440890163,-0.015486878386232732,0.011684278289062721,0.003372373980221282,-0.005989265764689168,-0.004705487518287946,0.009351295242128549,-0.0048909831608335156,-0.0001265172068168693,-0.0012885289015963576,0.00558347331793851,-0.006789088627509713,0.0033831514555435556,-0.00023901959162123611,0.0005163342913189057,-0.0013136754737429388
s0275lre_7,0.14563646407037273,0.2534679461056932,0.2912236616521006,0.27104524218958154,0.2274398560730501,0.2524198985946627,0.2283890958123874,0.2131809859705452,0.19276459598077353,0.09939554227180313,0.2158293383155164,0.09614670547269948,-0.017766922020882207,0.18917631539688645,0.015958939434638202,-0.04737641998305855,0.11153164822818358,-0.07753412916656093,0.011189093402619279,0.02566487322053883,-0.1709373945693719,0.08967958907339559,-0.008834970401348162,-0.18778821514145497,0.13705710914728714,-0.04850128226423172,-0.10817694089554714,0.12573117108458617,-0.09845966379288537,-0.0008480136559584361,0.10165752607716523,-0.14770979992463373,0.09548257818155642,0.031386940587258355,-0.12199754926938602,0.10354626903476671,-0.025715717925812395,-0.07862222204436457,0.10298951127924118,-0.11407756083782207
s0275lre_8,0.24601804955110254,0.11234035730640587,0.5357262853173687,0.0430036414125668,0.5587836066023983,-0.06684722632737489,0.6565101958838137,-0.22161947351313308,0.5876593512044199,-0.12973880829515338,0.31604556093969044,-0.024783751497443725,0.14132724995119123,0.08080481688563984,-0.10901483136111335,0.19769012491781268,-0.16029865144695365,0.05954002291709548,-0.0871295201001924,0.02813744416727931,-0.09602703469550589,-0.0007439555974211638,-0.011350743110711038,-0.037420433090716305,-0.015218425344574038,0.011426954775909116,-0.008684037787909823,-0.009411406597197776,0.020290328154660368,0.004508442281417238,-0.0020576773597026326,0.006683727540780277,0.011089352296678802,-0.009419477156859053,0.006545293466867992,-0.0014071708329052893,0.0013747111969626144,-0.009399302550686384,0.004497383075346565,-0.0074276099871561875
s0275lre_9,0.25113931678592605,0.10443319267219311,0.5471615298274338,0.031369444112126915,0.5760002595958662,-0.07900643813769093,0.6707952702271134,-0.2298252425838362,0.6049083844038963,-0.14058988924967944,0.32794396673040616,-0.023628994772825564,0.1443526448725854,0.077368648690151,-0.09558415653773264,0.1984743958513371,-0.16715981864952412,0.06934211217349034,-0.08507700380252588,0.020882165449758898,-0.09640735244524609,0.005744273983844374,-0.01875475932017918,-0.041598626408542484,-0.009661011494588947,0.007065720077235427,-0.014090194880869529,-0.007107290758114958,0.02140624127863807,0.0001797469260936502,0.0004471068099933124,0.00999621592111711,0.0069117350983239284,-0.007702222607745884,0.006899081624655835,-0.00046797523987136195,-0.0012843126364064793,-0.006201172349370835,0.0036665628846072884,-0.008339636129720567
s0275lre_10,0.24368725601656344,0.09083192123586725,0.5403921212157784,0.022170441795046743,0.572117006612681,-0.0909607222479746,0.670393438604501,-0.23920192657735537,0.6024900534515587,-0.14347128922538874,0.3279985775765109,-0.02399067023211366,0.14525646866895292,0.08265722969897897,-0.09547553813800669,0.20019745090468746,-0.15838091382579456,0.06733480320388345,-0.08142528321902542,0.024040713279860904,-0.09468051485162678,0.002610249485447051,-0.01635431152438341,-0.04007094021448286,-0.012674001037937824,0.007856027610318369,-0.013932746185558693,-0.009567293447068536,0.019237729522405014,0.0015456567328065907,-0.000200206496662864,0.010175453258645027,0.007857667803242162,-0.006794573598860294,0.006541118166238951,0.0005587138042959079,-0.0010526964940292618,-0.0061338046582712245,0.0037328595838387172,-0.008023009934427987
s0275lre_11,0.2357817508565828,0.06978381200594658,0.5282150670667738,-0.0022343462369212213,0.5579180733352982,-0.11583665007176577,0.6654903417221897,-0.25993408770561227,0.584090540021196,-0.1416098589427067,0.3058537039778574,-0.025786948081405813,0.12791693355832048,0.10361799739085258,-0.12828389039296167,0.20944702575533014,-0.1502610366700282,0.05959346071134767,-0.08426361093123044,0.03647227561759134,-0.08976706636383787,-0.008202444154638432,-0.004122793044610098,-0.03336533674412784,-0.01990517205192758,0.00939751320774912,-0.00413737131044188,-0.01380827227882498,0.015975458335694265,0.00730576475803933,-0.0009267425164576869,0.003591223701717908,0.013078808150256842,-0.007066540982940584,0.004941977523668367,0.00015839247696673443,0.0020053612146874156,-0.009923958646362715,0.004591845892519292,-0.005321611197413333
s0275lre_12,0.2490653294668844,0.10398826998208667,0.5425826243805906,0.03521981489176917,0.5623170160706584,-0.07030345369269715,0.6539713722026926,-0.21945421212709001,0.582665233185464,-0.12385688315196566,0.305100408625492,-0.01372597352932525,0.1293779759420428,0.08847936584433887,-0.11674508326497336,0.2070309346402812,-0.16961521610847524,0.06692389560088524,-0.08784134117450738,0.026924962544638813,-0.09732817611805505,0.0009565589042056287,-0.01393223400921941,-0.04063889372906667,-0.011285824128194014,0.009873346071617824,-0.009743062368137267,-0.00964052885237023,0.023509269483183354,0.0011445888699804431,-1.861248900879913e-05,0.00557508555218406,0.012006688216231277,-0.009882582826889636,0.0083467023810676,-0.0017600553321676022,0.0009259101248310443,-0.008983227466857192,0.004590400729081155,-0.008418211295805035
s0275lre_13,0.1014745617856164,-0.22301167623889426,0.27297178416486,-0.2824133363748586,0.3374508602732749,-0.41336822102693505,0.4965902676120786,-0.4728491234024089,0.36102456795919813,-0.2288305782950538,0.15163856179332844,-0.08128607929456064,-0.04315533125014895,0.1703413938596907,-0.2009064050322446,0.13342870043524935,-0.0711064331187478,0.0690175240974434,-0.07609692342417537,0.0437880893526359,0.009205096703010235,-0.01815871969889218,-0.006724652082350262,0.018250615954569754,-0.000736017319342703,-0.01750929022178169,0.010021993054874676,0.00335575165082274,-0.0051456871827295575,-0.006079294894841435,0.009842655581917268,-0.005848707248908334,0.00031050943812478183,-0.0026375177749435527,0.006539011730017352,-0.0071662780135210505,0.003074954829827013,-0.000691235129463414,0.00010848625920427285,-0.001983323431535944
s0275lre_14,0.0009042211858234663,-0.013883194695783061,0.03009719154634341,0.018591032405644747,-0.02047147236289178,0.01075587072125098,0.0031169321894654275,0.00797713743733544,0.03290389388872343,-0.08785093201344395,0.062056947528447974,0.06342051801643665,-0.1415749848837335,0.06996347707970385,0.05637554060038161,-0.10711768161729972,0.08798263785728323,-0.040207925139589096,-0.04980467782229478,0.14956032993565702,-0.1249572396770688,-0.03967967925080477,0.18438041066338445,-0.14721697802148062,-0.0006102925894984631,0.1202861397679759,-0.13166495264685743,0.07029819031620309,0.050069247418092926,-0.14469261137109188,0.14555612035929022,-0.021005845257037647,-0.09561568640182708,0.12816389750210475,-0.04060831944608932,-0.05140429089238354,0.12949087770710327,-0.10697320778209192,0.06600120197800724,0.03861772620798292
s0275lre_15,0.13793664229435412,0.2474001428485566,0.28004899785191867,0.25892289476514274,0.21859090262800834,0.24679424320481774,0.2206386458857664,0.20659787571890295,0.18798168597661102,0.10660113269909444,0.21640947473434108,0.08216485002292521,0.001932884441953935,0.19903192956305915,-0.0048894010187072795,-0.02533851628893211,0.12041171887254455,-0.07869588491849158,0.021481920099423964,0.00997861022758165,-0.147041659990199,0.10559181569282726,-0.06334419094680283,-0.15090183455513645,0.15293339022464744,-0.09994284614925879,-0.07963805654231541,0.12659670917841911,-0.12532702632992665,0.03417920972750907,0.05655066710632222,-0.1326806174364597,0.12342894231441584,-0.022721178742770094,-0.09821932719879244,0.1301942998109677,-0.08244697733455496,-0.03135553003495943,0.07650482744701667,-0.11439787981345156
s0275lre_16,0.10448917835662953,-0.21945609437569844,0.27085987854857085,-0.27532872399569197,0.32898344192941614,-0.41205038183081016,0.4912725510040213,-0.4538117170077784,0.3270557479073919,-0.2044964746537011,0.1414372623755951,-0.061682127817219004,-0.08496380638928935,0.19779970498063285,-0.1885810189290774,0.10914183480214318,-0.07025118782479059,0.081258678298131,-0.07135645757842148,0.018378092097389786,0.020834274981303674,-0.006801965165629006,-0.01798775620444195,0.011090446482553988,0.013179270577283648,-0.01579834782187437,9.851532339179331e-05,0.00616140908091487,0.0027388107302051077,-0.011707189436910787,0.009052484673547254,-0.003042974612188033,0.0031940301659038866,-0.008082943024330526,0.008295569820964407,-0.004744877088887035,0.0018075739953653637,-0.000697519848403762,0.0025416123447562695,-0.002311783743902422
s0275lre_17,0.0047066042796908925,-0.025309121317561387,0.015242029829711316,0.0020119910692634004,-0.031219231533108308,0.009688733773809528,0.0023477646400415822,0.0055705768214461574,0.014811355656325907,-0.048838375873217786,0.08341831864871974,-0.006661891908405425,-0.09898030514236598,0.12011689305595173,-0.02905749095634458,-0.08613426790250732,0.10151629212359804,-0.06639862643529625,0.012240632321860125,0.057657020695015125,-0.12460342984373368,0.10677167877104646,0.024039089205334364,-0.16180797963238255,0.1537907539489167,-0.02387206290026176,-0.11111452042687281,0.13403628096467637,-0.07453710730871643,-0.022856303096472522,0.10614661922796768,-0.14499057834372595,0.07591614804203052,0.0362465777579334,-0.12834551257423674,0.09275344886298048,-0.006170281546844399,-0.100007735148079,0.11464343814180494,-0.10187260215057711
s0275lre_18,0.16537813683379338,0.2513097396608051,0.341738491647078,0.24571155964984098,0.2784101306856261,0.2675277680393139,0.2224073576889547,0.2832778989459589,0.07136858052574109,0.3423899624438684,0.008600858369733327,0.13283358537697337,0.2019518096041997,-0.11129442785504905,0.2368794883747198,-0.13925744183268474,0.14491232505751556,-0.05058352119403174,-0.11672144550614716,0.1992929023642374,-0.2957457880498017,0.15350712768556835,-0.10028044323931135,-0.05350352952019316,0.06726778581218926,-0.15198395211402724,0.1520467878355423,-0.15520190078691243,0.07236694263872025,0.01381782666542671,-0.06999058673269631,0.09661844916362214,-0.08300494769018439,0.08154251233476043,-0.05724909607658615,0.024325766770640675,0.0171888180117458,-0.049164153887920864,0.04655609878967756,-0.04394101340825702
s0275lre_19,0.2430638110041293,0.08520535484491283,0.5309036295637297,0.013350581592702743,0.5598811649048093,-0.09626309184385579,0.6607847510860498,-0.2508337216658993,0.6055707238617989,-0.15983613935954588,0.3318397344656596,-0.0373801308409089,0.15297435659199776,0.06583126313964992,-0.09116818738790868,0.2034676756494307,-0.1687749818449695,0.07766062713513008,-0.08576603924038297,0.025890683213262242,-0.10037244380918044,0.010226783951884779,-0.021330953286730337,-0.04084278686030041,-0.009179098604211433,0.006967232871759519,-0.017694370671875327,-0.0064845667310917355,0.021068364415950926,-0.0017477220499016268,0.0004969675055750154,0.011042892147141265,0.007359917584288505,-0.008135293231837773,0.009017675579626032,-0.0012892215743905006,-0.0005247519105595321,-0.005741508595152162,0.004701915224490126,-0.008603245071757037
s0275lre_20,0.10139336764481108,-0.2142577236417632,0.2668340932782577,-0.27250616698821295,0.3238090042445429,-0.4041417235985875,0.4865158991221815,-0.4613265014799817,0.3453933852856002,-0.219981223496876,0.15168235116070092,-0.08266144533542977,-0.05225877813534475,0.17910604329471005,-0.19629870427857526,0.12433344317412744,-0.07012977593200505,0.07474686703806556,-0.07781319768915829,0.03604853488885281,0.013401564345462356,-0.016155342030861785,-0.012432889700641738,0.01776311642494923,0.004446935724135113,-0.016757669581297194,0.005964578374215131,0.005890629488115288,-0.0031595064664451293,-0.008260452955373131,0.009941326908205086,-0.005294731277225719,0.0017343143208204998,-0.005041241135186091,0.008032753117201422,-0.007212341764817285,0.0029945680566930777,-0.001099385898658463,0.0018961923638835887,-0.003102739842377089
s0275lre_21,0.14144547475915192,0.251666957595552,0.2876159692822861,0.26618483878955107,0.22650719844158898,0.25874793705811594,0.2281156876326545,0.21563507665737144,0.1951931686258695,0.12469722323725717,0.22084374044132515,0.08326821866617698,0.026032244533452625,0.20481167015097718,-0.012918342529251354,-0.0041590416020276235,0.1263541648148909,-0.07888207166820713,0.027197212771490446,0.0014859379783333769,-0.12687445680261644,0.10405288888573319,-0.09668846680484516,-0.11139450204403246,0.14779320068897586,-0.13478687615536034,-0.0482021012955687,0.11886753221806222,-0.14074174849678756,0.0546205897007054,0.028908034704379637,-0.10845862642353504,0.1267170435736713,-0.05569196293503955,-0.0656641939479799,0.13271380619284107,-0.11890431000060993,0.009655041895132672,0.04914120030002472,-0.1054989927104192
s0275lre_22,0.24342756549947017,0.06992429142467653,0.533238062291779,-0.00022305391583666849,0.5637147538957092,-0.1026809967514029,0.6585320432723893,-0.2432519824291517,0.5989212326934542,-0.14361668240015477,0.32299725723599715,-0.012930981145815411,0.14289437375726313,0.08756624375253162,-0.08984525762149088,0.21572557222431718,-0.1677782172807845,0.08829061801160162,-0.07999174516863485,0.025482089382666485,-0.09432696794225141,0.011718903645025052,-0.021667433346813172,-0.044042199113456186,-0.005378299264415615,0.0025228274950348096,-0.01892678192466139,-0.009345749248942327,0.020856843058878933,-0.005152545750398398,0.0016232703586121053,0.012098771098240228,0.006869999227733317,-0.0067466911152181085,0.009330808074623382,-0.0004809881528280769,-0.0008823646939487184,-0.003884113056089185,0.0034738182078701456,-0.007891141334930964
s0275lre_23,0.11294579437094235,-0.23980202115146426,0.29328063007772454,-0.2994053984517475,0.3539724580030898,-0.4388407908513798,0.514557294511596,-0.4712850029493802,0.3356476895802412,-0.20477072232063703,0.13519417533493197,-0.05003264957271539,-0.10031072409059383,0.21399275449543745,-0.2009994880360052,0.11685921699103065,-0.07466652430647834,0.08298033271201827,-0.07245459882058809,0.01733110489222346,0.023143421840726878,-0.008205033978092203,-0.016862985678203733,0.009836599476947877,0.014499389658456863,-0.01624549474501399,0.001191943430406805,0.005349078304213201,0.004091367535718154,-0.011109307809347699,0.008167328127096965,-0.0034237838863517786,0.003062042063273639,-0.008004808832151229,0.008178914525475006,-0.0047887390130104185,0.0008299230847739679,-0.0009676760508305527,0.0019282233699891788,-0.001714919767174212
s0275lre_24,0.14709887032026595,0.26303233332863873,0.29734376921212097,0.2753261902478489,0.2362027552159219,0.26675318118179325,0.23660669102536275,0.22104390189870765,0.1959174070924543,0.13727796685528312,0.21914004566641354,0.07388099419117879,0.04254718173615492,0.19948272914606277,-0.029636037508330465,0.011969834901791812,0.11364167304061336,-0.08328243483378865,0.033054039864093096,-0.017631276558331452,-0.10869803218264389,0.09957063106348653,-0.1281206878629374,-0.07092633072410552,0.12885279104948466,-0.15904601704165355,-0.00874908708587212,0.09852387219730821,-0.14968488685491219,0.08437814765294152,-0.006185672172566466,-0.07780005598018902,0.1217826768787549,-0.08400793438182826,-0.025025210267635892,0.1190946067451375,-0.14501208977437002,0.05932866023672881,0.0070071438140659175,-0.08515598159117185
s0275lre_25,0.24355714683794696,0.09406129898821888,0.5298394990706942,0.02360899782959687,0.5594111912632469,-0.07554586401742701,0.649139822859361,-0.22553779854838438,0.6140458845108823,-0.15816201169386032,0.35353921046626846,-0.02831693467345558,0.16985980746396817,0.052661242482272635,-0.04523745098371477,0.19392693297580535,-0.1728103202674004,0.10861240853739763,-0.08725658460303311,0.01578556999614263,-0.09239884141601087,0.02331527089048993,-0.04643936766915501,-0.03830616499958644,0.0018682867349733947,-0.010028628033883531,-0.025650428510439863,0.00358364159718218,0.013446242633767728,-0.012286671452690344,0.009249248228551929,0.012836847180362553,0.00017679280778411566,6.0442326655018525e-06,0.011112636485450963,-0.0036600787623432916,0.0004194028695265378,0.001364383037507521,0.0003204766930013838,-0.007480399675527612
s0275lre_26,0.24281570451371595,0.07377844234060621,0.5298546293136936,0.0035282985804654895,0.5588757841294635,-0.10277791343417855,0.6596216674571498,-0.2541765153588534,0.6026057040931408,-0.15691856487565972,0.32578281281636795,-0.030406524177680957,0.1491891004909262,0.07438810650301413,-0.09678965308776366,0.21226350662155832,-0.1696620285511477,0.08363740536403565,-0.08438732629872205,0.029416483842608365,-0.0988806565469711,0.011516512674529336,-0.020074520140416965,-0.04246310090563397,-0.007766869515132041,0.007288653075870417,-0.017138057705555113,-0.008626986115041127,0.021344389162510382,-0.0038039409654841935,-0.0001004597180466604,0.010979149940469012,0.007807777015826398,-0.007654895144654627,0.009740322062449262,-0.0014259412074330007,-0.00046689604030743275,-0.00604986324614617,0.00444853675389435,-0.009092492140819796
s0275lre_29,0.14016650669231112,0.2529006372779112,0.2877922737530471,0.26523281916294283,0.22686297975749306,0.2565980537263697,0.22679648960658239,0.21369476987090136,0.19348452602077623,0.12219383506297049,0.21970545866489163,0.07869629955927364,0.026065149883816044,0.20274845933237065,-0.020089866714734384,-0.0018476543556270517,0.1229386330881018,-0.08119112204709572,0.02980809476810941,-0.0021011449476726987,-0.12474008926214938,0.1053462369413662,-0.10581456540105383,-0.10487859424322789,0.14538939502770729,-0.14206322417934486,-0.04001850878315361,0.11336784279396568,-0.14526240502211615,0.06330072671823118,0.01753199652792172,-0.10400287335574543,0.12821630760203462,-0.06503296831260666,-0.05720151351103252,0.13231882589296223,-0.12889335785998482,0.02420444036426966,0.03810911321266667,-0.10177808020405629
s0275lre_30,0.24302543382160116,0.08717245557171342,0.5340796642473977,0.018035246200535156,0.5604625614673637,-0.10071996866981194,0.6697798511782086,-0.25114902523462773,0.5820951709870396,-0.13325622798106496,0.30507078847754066,-0.02992257224763727,0.12833470267521743,0.10328677519729164,-0.1359856172727457,0.2019458253100783,-0.14581003469400874,0.05062537014484499,-0.09043248247953857,0.03893441008691731,-0.08859307606963651,-0.014249455615617024,-0.0011833152743855842,-0.028942167015416433,-0.024664098379524522,0.011387680656999296,0.0008014865202454841,-0.013769565024917515,0.014741318713175036,0.010304267494440852,-0.0008952809215774815,0.000277107834100097,0.014627922005340993,-0.006703970702088568,0.0028613328685015184,-0.0020346233311675016,0.0033261856490146256,-0.010797640759782094,0.0035644898635087932,-0.004166005440026513
s0275lre_31,0.2521273820258896,0.11210436802106367,0.5478864903111668,0.04192637947332853,0.5699299342768798,-0.06751775513880913,0.664314270733774,-0.22295979853383432,0.5922533854378155,-0.1282209493606828,0.3129903317744549,-0.02133170985195122,0.1373336769104167,0.08443049647031466,-0.11410076312476822,0.20380110637318707,-0.16781741093473163,0.06313778767626138,-0.0883609110942999,0.026989214625872823,-0.09912959055895822,0.0016315013980425955,-0.012044190400117918,-0.04027642947291114,-0.012618294883507677,0.009906650226580795,-0.00960017088952509,-0.010589786548528598,0.02254878548781005,0.002571215219674855,-0.00018914338032824526,0.007350388274674833,0.010697124914764388,-0.00981607426495195,0.007001374755095092,-0.001607981502449152,0.0005971232206882003,-0.009139312038370727,0.004901992158593839,-0.007971161281922242
s0275lre_32,0.251193126821557,0.1062820544761898,0.5490344458123956,0.032340777274292416,0.5804628640840571,-0.0847811543777603,0.6811852605432726,-0.23661950317678224,0.6046340010651022,-0.1367922002296598,0.3248761582741257,-0.025572032727748335,0.14354924235362818,0.08613506740658748,-0.10710969026496012,0.19726488130326691,-0.1568485457545319,0.05722948151951534,-0.08394222392981458,0.025001862657063043,-0.09622461748968299,-0.0014232584803973696,-0.011538874995871412,-0.03863604951816602,-0.01672648770930187,0.010240777167740082,-0.007838656887873954,-0.010996548701981381,0.021059080231924317,0.004586585463957762,-0.0016933178548117255,0.007220791410858075,0.010267582807351605,-0.007520486192676691,0.004725720210483804,0.00035080485809987395,-0.0005121483830124391,-0.007931477278159724,0.0038538904868252555,-0.006565549786335791
s0275lre_33,0.2417913738637974,0.07020221993586793,0.5341008431303327,-0.003679341554136197,0.5690320845138931,-0.1251433419999445,0.6808675665135454,-0.26599399281580044,0.5839437022762,-0.13214167910174132,0.30181697088808834,-0.021445853634617817,0.12107585562253916,0.11868897595707213,-0.13672229324712454,0.20233145200958616,-0.13415109876833478,0.04677514834694814,-0.08279388601364607,0.03710576750287016,-0.08372292982026602,-0.01820688610566919,0.0013113608124251334,-0.028335417607655542,-0.026467364251820717,0.00734988414631842,0.002822269119384087,-0.015492908489685901,0.01218092966020996,0.011513640046167539,-0.0007156774953987865,0.0011773249071209931,0.012948789559340501,-0.0032237616621356054,0.001368910900964638,-4.970028869244586e-05,0.0025710148105922035,-0.010043815380087421,0.0028425254074357256,-0.0033146904696027416
s0275lre_34,0.11469816827628097,-0.26855850669983633,0.30877576738304,-0.3245197040418289,0.40349975800632165,-0.5219757165914234,0.5444171380709989,-0.3996261902867392,0.24130788559938288,-0.17151640341449845,0.05941041148388471,0.13619910602005342,-0.2387683626639487,0.17771387913083356,-0.09872767226607151,0.09887136744634883,-0.09376521312999948,0.027433297522950727,0.019477020024160553,-0.00034853935955325856,-0.01904702480524547,-0.0007977760661048286,0.018081741213840055,-0.007615128325829371,-0.004388784305005585,-0.0030326679994469525,0.011370708399766852,-0.008860046398589798,0.003574631487618138,-0.005040682768446716,0.008718981139745131,-0.007781445805463805,0.0033466380614036906,-0.0006641008755044491,0.0016982095816695313,-0.000593988527430899,-0.0007765506887742104,0.0029836612157877213,-0.0022908626105557733,0.0016976390416304976
s0275lre_35,0.14115631494432618,0.2624755922666772,0.2810068971030735,0.2809134131453685,0.23012153073013553,0.24792685973587994,0.2451434275060428,0.2118176008886658,0.20204235059485315,0.15017960693301816,0.15275451159485848,0.17330437745427474,0.0406384657921945,0.05298062981422136,0.16038604129256842,-0.015498018486724933,-0.03302609519491443,0.10644610407385927,-0.04565011375763438,-0.051678465908536905,0.035225691941728185,-0.09842039963089279,-0.014693312667187241,0.03876270263655108,-0.1449058186878971,0.006189058346765913,0.08620888944135562,-0.150514880903571,-0.001840613902710521,0.10322454589489923,-0.11867065908959809,0.009226468498325506,0.0764381444924198,-0.1043173038641883,0.04127795962190672,0.0466220082332076,-0.12608361412722796,0.0571719296895063,0.025617555716927767,-0.13780833583153423
s0275lre_36,0.09515517377112732,-0.21781481114162832,0.24429795798467685,-0.2775802085306898,0.29706721470257,-0.36234309889504773,0.4354033594240262,-0.45938931077700157,0.4183807670381561,-0.29109084774594685,0.1949657469993147,-0.11855980405573799,0.05870999502005017,0.031220155376046308,-0.14644232717482672,0.1879390929144249,-0.15540284374463184,0.08420323316596584,-0.04876612855057491,0.059154541598776214,-0.06142815366177884,0.030297525270156077,0.010584281950833368,-0.02266047069950427,0.0007571024169513937,0.018179438099348112,-0.007275656358294423,-0.012238036244845454,0.017553003018787355,-0.0032796276331683067,-0.007686188141552527,0.0021511783416493166,0.0046868727963716265,-0.009841973555954408,0.004456009269257827,0.0010135865812855283,0.00011568218330111538,-0.00419740199811283,0.0063440286620216274,-0.003999195231467232
s0275lre_37,0.16038469005377326,0.24027844132366782,0.33275673270917777,0.2404063636445893,0.2620227447166718,0.25761053842474896,0.20895673799449835,0.28358631351164815,0.03544640051984567,0.3334884049645574,0.026542568503666337,0.05976450686347589,0.23344951815455217,-0.13313436899332087,0.21937483874284622,-0.1412266058033825,0.10188292163375345,0.030134534724220265,-0.22825796315788574,0.244413322348151,-0.2507748738223426,0.06192955450227109,-0.011837568713947701,-0.1094465705312828,0.12472381246032418,-0.19183928860997176,0.15264168487455673,-0.08201988111480958,-0.019298153717224813,0.08352274167418754,-0.08910386078509595,0.09301357083225702,-0.07216767242235045,0.05067506003877942,7.786577651980912e-05,-0.04234203414999995,0.0648991884605921,-0.06650876963576123,0.043414950664273394,-0.03634910994602894
s0275lre_38,0.09968909272921803,-0.20996419763725876,0.2623710913456496,-0.268782666918584,0.3168892477380794,-0.39389156653174123,0.4785624080580891,-0.46109439178753286,0.3497416667965447,-0.22266387912112837,0.15167665632228505,-0.09022629741744234,-0.03633708961339579,0.16908227041786567,-0.20080747195092252,0.13315289292860197,-0.07224609310129504,0.0701013177628316,-0.07855616600933449,0.04625417666659638,0.007512591917821878,-0.020822406877947473,-0.006158706250231735,0.02030657925261685,-0.001358723423267888,-0.016803052599212862,0.009949017668989773,0.00426913449670844,-0.005671583384512122,-0.006305933062329563,0.011186985036515768,-0.0074603807742787305,0.002091027889777741,-0.003944843150498573,0.008666567350654304,-0.00847169369884724,0.0040432901170044935,-0.0017075814282710377,0.0007902630575803198,-0.0026318823770814215
s0275lre_39,0.14131199335011613,0.25122906607443035,0.28590009652722687,0.26457125608621873,0.22511015584132063,0.25806960669130335,0.2272678535387806,0.21511908819318803,0.19249907124802357,0.12923358501180704,0.22077981065013413,0.07615171928338804,0.03511970954971988,0.20601169265674593,-0.024218002129083257,0.008540954855519388,0.1229931325137862,-0.08138099738280617,0.03491826630174378,-0.007162804538248046,-0.1146895730405558,0.10617453735399093,-0.11882428073475158,-0.08406564630080744,0.13989947231499777,-0.15532051948413914,-0.021332357263752124,0.10682654828393913,-0.15040183909690596,0.07629548445169636,0.0026504275574764434,-0.08855767945290693,0.1271140661918133,-0.0779609953807293,-0.038299542696782984,0.12699788814062452,-0.14054016388085427,0.046928190896093756,0.019131006436139023,-0.09175571877006884
s0275lre_40,0.1119963905973938,-0.23504644274560937,0.28943638129032606,-0.29869794883438217,0.3505311659647271,-0.4251808104261278,0.5021781979566508,-0.47587380840540944,0.35753915622015076,-0.22241594114594132,0.13870990088345592,-0.06923281268529623,-0.053911810922184035,0.17901072137904706,-0.21127947216491394,0.14345663301172623,-0.07639503639578997,0.06825714146070536,-0.07742594941449976,0.04556273983664164,0.008219944369900022,-0.021953246745496507,-0.003158192543489164,0.017342738766269412,0.0005474464629003367,-0.018554474985957043,0.012645558828646767,0.0024332817196812163,-0.003980894423169467,-0.004890680133758113,0.009768842876160987,-0.006550913317750914,0.0002372151179957794,-0.0010422403091268696,0.006454104920754097,-0.0064869596149637245,0.003118707926150895,0.0002893670856619225,-8.271382449355471e-05,-0.001967008788452754
s0275lre_41,0.1399806637974484,0.24706776367922956,0.28362313332451544,0.262833307822455,0.21991878979776483,0.247350686412183,0.2226397730531151,0.20748441992451486,0.18690944099078532,0.1040506317204713,0.21451656418478834,0.086377880781153,-0.007307418341391695,0.19522290593667135,0.003955668995888669,-0.03885800990180944,0.11818516103558604,-0.0753279298334423,0.01363137586924277,0.016756569946040252,-0.15478407549862394,0.0985220982570937,-0.041272817462670086,-0.16873746100577908,0.14972761226239176,-0.07773875557431266,-0.09721642014751557,0.12911989819101802,-0.11077480762107357,0.01402606891105061,0.07769212402805202,-0.14092299396923386,0.11304239314452535,0.0017284244203334324,-0.1127820208711958,0.12249486554734482,-0.05480591780089781,-0.05927617381691197,0.09324119433353205,-0.11581998783661415
s0275lre_42,0.24433999845932405,0.10424415378175998,0.5335671987307848,0.03693899397967846,0.5548565097771063,-0.08271190739229167,0.6620479215775166,-0.23434802202332222,0.5652367846848555,-0.11584228111071687,0.2897718985336644,-0.027357867420840155,0.11731406242279407,0.11028999893117264,-0.1489253155843093,0.1904788008055949,-0.13702649729610966,0.03845369171004339,-0.09369532883537743,0.03720631857007292,-0.08268384709892102,-0.02212831788803291,0.0009626889056856585,-0.022644540796868055,-0.025845497414464152,0.011568711468331808,0.0073033498315457895,-0.013382376627761308,0.01211845616843005,0.011844327551915354,0.0008521638304945394,-0.0031500144865191254,0.014513870568100646,-0.005656022758796588,0.0015417468627231402,-0.003066363120300343,0.003690466583316254,-0.011485046375747822,0.0020259914510813684,-0.0035219150146926044
s0275lre_43,0.0932720448773454,-0.21555558524074203,0.2414505016079593,-0.273142759346833,0.2920039675652439,-0.3678295835965807,0.44627844934957017,-0.45603097455788694,0.39092976516006833,-0.2516196291094913,0.1681609355364358,-0.10855595115702923,0.02891045609768477,0.08818313757222014,-0.19098306585143854,0.1833755919295182,-0.11361349257127436,0.06252802787966197,-0.060145281996386045,0.07271896067507744,-0.04379023208572774,-0.006552283213289182,0.022775797077195545,-0.0013711880829934953,-0.017797945786192416,0.00993474321819459,0.01503460309351224,-0.01657948546670815,0.0022065022539186287,0.006239063859192235,-0.001988112720470951,-0.010321337884610156,0.010025774011686061,-0.0038554465833998746,0.001148725734200674,-0.002647941016980352,0.00716998130966959,-0.006664618695842418,0.0031702053636768657,2.3441932376268096e-05
s0275lre_44,0.021703507337190873,-0.04334883954033732,0.06526604567083355,-0.022020771627723625,0.00437984303977619,0.01401768181132059,-0.038415269198331554,0.12857845706201726,-0.1970609013514051,0.1597902726647444,-0.008002933257733533,-0.1394730908685549,0.1958679347635205,-0.20252956815930026,0.19376395321411713,-0.12209185217912982,-0.05303520354807622,0.2340198379145274,-0.2853784445772786,0.19803518417208602,-0.07166745904162429,-0.020453552673279266,0.10312219563009309,-0.17455271597397246,0.19046388636572864,-0.11933393713829529,0.018728114258060553,0.05061469161830703,-0.07893806425141497,0.0899472962982788,-0.08538608021058029,0.05498452708936894,-0.0015009113416634449,-0.04138943958756689,0.0631618564315589,-0.05887935467316873,0.051472028230719204,-0.033451232799676454,0.01799982379082573,0.00660038579645409
s0275lre_45,0.00923316865616633,-0.01856783233544045,0.027235589065683033,0.020331864683949076,-0.020938601297718053,0.007445245793943844,0.001314674066326049,0.008436334274167961,0.040319327647365094,-0.09393318633653804,0.05114629961284793,0.08645851011819672,-0.1433980217471398,0.04549137347019306,0.07611953814271652,-0.1048499953909532,0.07914710988649387,-0.02371226610559799,-0.0797666203267734,0.16653698145083795,-0.09152787826869163,-0.09571224868777027,0.19639491395044908,-0.10151759837631277,-0.05276762535305373,0.14050864181763542,-0.11918450485169681,0.035043908308253546,0.09580791283523438,-0.1577248588882186,0.10476642240794416,0.04834045406333306,-0.12795564048844513,0.11120551420346071,0.006001347469671422,-0.08132607350333876,0.131416640709142,-0.06519791334041898,0.010706095454681775,0.09101360412750442
s0275lre_46,0.14593845939724964,0.2576396816151105,0.2941456334538068,0.27440782769911287,0.23029550775200142,0.2572838533584044,0.23271161564971915,0.21737810750550285,0.19089511956065522,0.11313910651870811,0.22045192115801202,0.0845686555322706,0.0012014826359472426,0.1964537714876049,6.540009235402217e-05,-0.029672191841785506,0.11031001275153281,-0.07728068769520502,0.02240440550107374,0.001766486262466053,-0.15075070011207425,0.10525230423944884,-0.05828197212470198,-0.15495046978656618,0.14819117620645014,-0.0907529334293279,-0.07898102948227603,0.12203691159878391,-0.11779085177136378,0.03539088006381632,0.058636578737354096,-0.1317315631909697,0.12105994910026825,-0.016475117406725692,-0.10073315442326805,0.12498468806481171,-0.07527138088414843,-0.034548302429366386,0.07419605708817321,-0.11152763076743569
s0275lre_47,0.1025333775120546,-0.22027520290991265,0.2724967429184499,-0.28018147673684773,0.3315462731813403,-0.4075340869835279,0.4914407934554916,-0.46935300142049985,0.35466144219659895,-0.22307852059189415,0.15003008093357542,-0.08220372965979954,-0.043973787084783805,0.17325974770044297,-0.20348226725624996,0.13617237086491454,-0.0724200802473273,0.06906783835027253,-0.07908773918647972,0.045575364488317345,0.007994776591970194,-0.02086669957059281,-0.005585620847670378,0.01918479954476012,0.0003765096447465976,-0.018245031191974934,0.010932225227550108,0.0030642922860997083,-0.004594686421876795,-0.006584621277629052,0.010773479740789262,-0.006397853599888236,0.0009261930456253206,-0.002350359735821188,0.006700580844334608,-0.0068189653367128344,0.003500683292914078,-0.0007428188812443138,-0.00025704150709598885,-0.0021704072378945097
s0275lre_48,0.14219506961515366,0.26109868294601823,0.29612460941896607,0.27140951699228427,0.23444766149939414,0.26711847195675376,0.23301290185786816,0.22152930159810996,0.19847784471844446,0.1356848166892087,0.22429102948580779,0.07316812156102835,0.04622616306049386,0.20487964726050417,-0.03545626147372081,0.022450673538815618,0.11770109945988975,-0.08814209877455276,0.04154400348145118,-0.016912073451509906,-0.10712227941286363,0.10339864081850501,-0.13859783310652435,-0.05678612998451089,0.12561644464603638,-0.17279944901791466,0.008084989335585211,0.09010992296298316,-0.1574696400270343,0.09679804344255002,-0.02305645751194864,-0.06675979596361001,0.1211236243422648,-0.09554142405643312,-0.008548898290861615,0.11284408442944546,-0.15508616747299916,0.08362127442571252,-0.013669715113400717,-0.07206447301910798
s0275lre_49,0.10634325077123419,-0.22750184512093147,0.2833560852391231,-0.2927777497930021,0.34817678074575575,-0.4275642565135054,0.5094366957328655,-0.48066242398759185,0.36206599502166265,-0.22938419347023983,0.15264982278655456,-0.07999155889304826,-0.05189787944148813,0.17878494458580052,-0.2018413403193206,0.12975931460299814,-0.06970771866535808,0.0724809381252428,-0.07749625063652496,0.039126794325259034,0.012665654604253479,-0.018898242039045565,-0.009639068883980743,0.017712629920535686,0.003436985191857577,-0.017997895876701597,0.008223397905183826,0.005323217097873366,-0.004425450871431688,-0.006460843845565798,0.009655979455470245,-0.00363237974446864,-0.00046829091178840666,-0.002602642779956087,0.00664498364085268,-0.006045807428672878,0.00170617810349584,-0.0014034399561981964,0.00032694991606912777,-0.0021658862183887603
s0275lre_50,0.15005637510206174,0.26686108577864076,0.3028633575512484,0.2824238632666761,0.23827491505269027,0.2632243919928372,0.2394638868025068,0.22229959914977426,0.19468756380089292,0.11696788220662398,0.22207535188694533,0.084897187075234,0.0021785260952803033,0.19441785611998577,-0.0020358591558574824,-0.03061136437626881,0.10615126063965372,-0.08051511042913337,0.020591034545050176,-0.002517085495967729,-0.15115472736857694,0.10527193345465989,-0.0630348854620863,-0.1523828816204062,0.14683927492303553,-0.09237260596588992,-0.07544647983973111,0.11937165001929395,-0.11828779822845388,0.03926594411355979,0.0560147629315133,-0.1286876572445778,0.12218020448801145,-0.01956895568428605,-0.09718102777755477,0.12437721847922868,-0.07834752608741162,-0.030122968437742988,0.06982969567971746,-0.11048312840669842
s0275lre_51,0.2385857655185632,0.09574226342196676,0.5218073971221555,0.026324775015574897,0.5508214193769376,-0.07800666150681365,0.6491373110191199,-0.23052286660532284,0.6022199002770401,-0.14889451403112727,0.33665604254195114,-0.02925324434040253,0.16255484196056807,0.06380785881376785,-0.07203778149498627,0.20118279608802864,-0.16554599229501132,0.08494208687319658,-0.0805076154974508,0.023549042438902195,-0.0962832218797132,0.01646068261643598,-0.02794254058152614,-0.041686060307935514,-0.005047714954742296,0.003034364002883781,-0.02088297114489504,-0.0032864688160214152,0.020661421216091047,-0.004862359961444785,0.003079664254780619,0.012961950597270797,0.00531327439400653,-0.0065807934793305906,0.009747283774243127,-0.001532275030725288,-0.0014340975121171784,-0.003540121439649659,0.0029228680051787545,-0.00913619148494513
s0275lre_52,0.2570930659068568,0.09429400306839936,0.5591351026538212,0.022981380131848663,0.5861219194573536,-0.08460001706402052,0.6761955303665927,-0.2306915887346476,0.6060925917546861,-0.13668402833568966,0.3248659195683379,-0.013841702694450488,0.13865480668793242,0.08574029328640888,-0.09958914059345758,0.20882380120826813,-0.17490637663473757,0.07905758063241891,-0.08808696271676375,0.021481379935747922,-0.1000356205452864,0.007437505035221168,-0.02224168411785306,-0.044587389651484836,-0.007718345527330443,0.003596087745561924,-0.016352348186785513,-0.008431937404676263,0.022511203957047816,-0.002933259737421565,0.001754427999658271,0.010632424999139472,0.008260321573197001,-0.0077880372601041485,0.009055953131781673,-0.0008753686698480859,-0.001159541819749599,-0.005197551048447387,0.003934641653541118,-0.008415363221135947
s0275lre_53,0.09565272480934557,-0.22318652895323193,0.25282038553465147,-0.2848411017678276,0.3119059556546179,-0.39512639839907704,0.4766856415433534,-0.47421902623052525,0.3976463868636808,-0.2567404147907297,0.17714602131034227,-0.11262155390446267,0.014599196455181082,0.11052649440398613,-0.19840437884311296,0.16424023661867024,-0.09363317671483101,0.060601167240584036,-0.07061303452070213,0.06855521008680336,-0.023948891259440695,-0.017115247085682378,0.0145449289438813,0.012538925877925577,-0.017725260138609734,-0.0020778568483605115,0.017084098135902188,-0.008100497257515386,-0.0064560062766399915,0.005854975881598953,0.003807772564930112,-0.01042253400038198,0.005640364820537531,0.0011103087831356882,0.0016773359427252337,-0.005179101083727043,0.007370401288288552,-0.0036246404008959585,0.0002619227179226347,0.00028906659703254356
s0275lre_54,0.16477713810367597,0.2491144880710624,0.34179953031800514,0.2522967366025157,0.26688571309464787,0.26146793005690006,0.21479136428698933,0.293162449955955,0.02307187993839525,0.32908020049939923,0.04828858543279121,0.02945657231858963,0.23433902813836627,-0.12561315726772831,0.21095687705194674,-0.150902512614818,0.07023638610596555,0.07921930593568657,-0.26911605112444464,0.2225012692656156,-0.1967329463967443,0.02357976916983363,0.005547350402281328,-0.11936819631881897,0.14840431146745603,-0.18720381522783758,0.11635537380058258,-0.02538698166064964,-0.042794238983491856,0.08072801816458364,-0.07728977484683955,0.0860260034250687,-0.059031334420688454,0.021760732912294568,0.028123937102616625,-0.05612690810512425,0.05832529050059696,-0.055366908568333026,0.03580179363892522,-0.030350980322341545
s0275lre_55,0.10484760560440279,-0.22244265699159485,0.27656162356577285,-0.28365353234128904,0.34050133750875355,-0.4243754669296342,0.5022219805028366,-0.46010353197393017,0.3311997960108672,-0.20702075167802014,0.1404115445631123,-0.05635327700387371,-0.09079244075649703,0.20123432989729656,-0.1891624909860537,0.107348421920128,-0.06958530214512007,0.08188775001659548,-0.07067574413218516,0.016612870603615104,0.022476284081211707,-0.005987017260467623,-0.01786934770364005,0.008707494666261749,0.014281739002987725,-0.015344667602009728,0.00022036728303018226,0.005632029403242312,0.0029015872735176198,-0.011517887557853103,0.007590334582427025,-0.0021139684017571683,0.002607265526200324,-0.007706766204093537,0.008051829668499622,-0.0041115069175214,0.0011767466802733329,-0.0009782811700845143,0.002523606157724568,-0.0014571356851801691
s0275lre_56,0.14719251783727147,0.2623395393989184,0.2985040220273058,0.276980924315846,0.2376863465188003,0.2679455285747882,0.23671747979370558,0.22290692034923051,0.20151104470136347,0.1255447988957592,0.22446332282692247,0.08372216631737725,0.02215938936506081,0.20454647394538455,-0.015722832956995773,-0.008741824423854395,0.12325548778769549,-0.08380418406181496,0.024268308510810164,-0.00016414596239663768,-0.13341124815474148,0.10403565034561282,-0.09545050127369205,-0.11822516038814049,0.149129721821127,-0.1330271443873433,-0.05175105958688725,0.1206267331984472,-0.1387886774968269,0.05605461409368364,0.029925343885056004,-0.11107823464660752,0.12757997835641177,-0.05365538591135229,-0.06911365623587488,0.13331883737800557,-0.11736736520753373,0.008218850489333374,0.048995582578354034,-0.10631674081805567
s0275lre_57,0.24244260616611973,0.09145725025836836,0.5405417928289725,0.017851225848684756,0.5689527529582566,-0.09164242562093118,0.6654200211777674,-0.24167539049611902,0.6054059388972421,-0.15064382857233002,0.33026985852246393,-0.0281768499750098,0.14909247079312454,0.07129050169950123,-0.08901002360777782,0.20060371528202356,-0.16745897128865722,0.07685722449475824,-0.08299894557778045,0.02089173402512932,-0.09798309604868165,0.009391777963169444,-0.023777548163874975,-0.042695104178813746,-0.008342252716890704,0.005439207807852278,-0.0188967272742092,-0.006181535017266642,0.021102302572004523,-0.0025695290517858795,0.0012177063667445432,0.012520411335189883,0.005987539745362265,-0.007594916157420212,0.009219124445102537,-0.0005203325720968885,-0.0013576062720685002,-0.003676724351548022,0.004760153013815159,-0.008301960801884214
s0275lre_58,0.2439506405511515,0.10901415086952769,0.5336968226281913,0.03782963416699991,0.5576065493337173,-0.0735083101961594,0.6569143095595411,-0.23289381254091873,0.5953261874229139,-0.1448884433745815,0.32374925926517095,-0.0369676632950911,0.15106214933229156,0.06639036775140805,-0.10008458400146834,0.1970764006297985,-0.1640049596485771,0.06386355135404381,-0.08604875462391678,0.027432380613063828,-0.09991356484525724,0.0047240158751115395,-0.016029334071679113,-0.038908286915056385,-0.012904682778568934,0.010944411508329468,-0.014878157623852783,-0.007337739282716199,0.020405876302553125,0.001944485624909414,-0.0014621017946814534,0.009336972567857458,0.00954756826710427,-0.008460933409354235,0.007426925052383945,-0.0008919035827950863,0.0002241649538455827,-0.007692670508600208,0.004540112545052676,-0.007922722536812837
s0275lre_59,0.24651239528498986,0.11578175412314816,0.5389524313459011,0.0491810082290066,0.5655137709801251,-0.059641191764806326,0.6599626168347424,-0.2185211999033663,0.6053724373768867,-0.14139017518002409,0.33495163921389925,-0.032614804119146495,0.15868947484551665,0.05916387486151945,-0.08313153490070264,0.19280632187525956,-0.170361229531878,0.07259150170050514,-0.08794224646103702,0.019940906975435574,-0.10172641190936031,0.0109589017861131,-0.02627140833353168,-0.041794308563717256,-0.006670154766473648,0.007111505092876378,-0.01844951719982942,-0.0031801060457569653,0.022245339338162546,-0.0022343508514768226,0.0012955465459962765,0.011988160469554686,0.005512364122615576,-0.008085513150332528,0.008412582487499461,-0.002372132224258516,-0.0012308695892769518,-0.0054511463901168065,0.003858095262374568,-0.008859633777007664
s0275lre_60,0.2377973668373877,0.10769938361101176,0.538172544852871,0.03234839392152961,0.5682964474845877,-0.07852352674664385,0.6663099145516159,-0.23185152506408574,0.6101227985683019,-0.14837556411018196,0.3405668563547426,-0.033161524813790214,0.16117288791962003,0.06373924272556442,-0.07716229191994896,0.19377184568081515,-0.16102746923051334,0.07417104285194487,-0.0809493705941367,0.019834725003181154,-0.09743651902913052,0.010922752612861127,-0.0253113338793688,-0.04195645524246812,-0.008761069233819604,0.005798095008365494,-0.0189403430874902,-0.0057229265162186535,0.02072352100520006,-0.002250493295825016,0.0005809628874126037,0.012334075062517366,0.005904794848394515,-0.00613094640756549,0.007859678951221425,-8.851599156760068e-05,-0.0015310059650475683,-0.0040906397057639925,0.003297465048496267,-0.00826849644965849
s0275lre_61,0.24417060415259473,0.08157180955073322,0.5400700944719589,0.004659582547025063,0.571006838303784,-0.12010863427697768,0.6826439632197991,-0.26567584778568293,0.5838769072692517,-0.13688146593801215,0.3015212246815848,-0.030098515811417027,0.11696492989170186,0.11488410382736641,-0.14661408289511987,0.19821824681257558,-0.13858390941636756,0.04435479974709673,-0.09093564191585245,0.037603709574771466,-0.08319579248249268,-0.020932601211890653,0.00041429423001384613,-0.024143868380800272,-0.02604419210201152,0.008511910604140705,0.0054069521347680895,-0.014545553205899129,0.01160551046348042,0.013275382202567304,-0.00016204643486622552,-0.0010778279860974584,0.013086772268339202,-0.003908175249200302,0.001991801411224061,-0.0018022051534361805,0.004000529642705862,-0.010200864320410511,0.0022346455544969787,-0.003798901071761695
s0275lre_62,0.25222758977006393,0.10971525253017875,0.5468359569835565,0.04095875612938227,0.5683911936913959,-0.07990644989933209,0.6733497936907956,-0.22997562143990274,0.5699783503409428,-0.11060117861349869,0.2918177512492029,-0.021399266197359833,0.11200991851459573,0.11640518801345591,-0.15222234867120793,0.19041374075653408,-0.13895106578132765,0.038266121264401896,-0.0966788187992158,0.03662719078495742,-0.08165458473393668,-0.02408670758974425,0.0007716550296581699,-0.021660585750974962,-0.026590096645229166,0.009809109461376357,0.00985402211620606,-0.012202671091609177,0.012388300585028825,0.013212574646185738,0.0013130444558083062,-0.004331482768235067,0.014359024677246729,-0.005444847666450918,0.0010139734161294532,-0.004362911803976708,0.004301235283047047,-0.0108416026002489,0.0013523425056379563,-0.003126233942127777
s0275lre_63,0.0962276301706809,-0.22382894141838497,0.25134069627908134,-0.2849828050006055,0.309704766322708,-0.3917246507381047,0.4696994123931565,-0.46493827961114853,0.3857537292390743,-0.2455921868067504,0.16537081663466455,-0.10183783664351571,0.003777586276047327,0.11844359316215856,-0.20027312237982478,0.16619390901186362,-0.09313879559344261,0.0603687262585336,-0.06910840774853991,0.06662973446510219,-0.02321590362170151,-0.018750630039681658,0.013752915171967658,0.011981939222744806,-0.014303796995683982,-0.0029420110664102627,0.018698502680390795,-0.008228746267179624,-0.005912626370915824,0.003779300582449349,0.004158320983943699,-0.010506981405900213,0.005063664539521522,0.00023446346429549026,0.002417814774696211,-0.005580433723653364,0.0070728990437065814,-0.00324011688170614,0.00027378955036434094,0.0003603615115818363
s0275lre_64,0.1692723300237971,0.25708386029762265,0.35642634429752057,0.26264758346293027,0.28504208358459937,0.27739792584669676,0.2199949847921955,0.315118127617654,0.029424835662054123,0.3416107615594663,0.05299960262067217,0.037409866377800555,0.2485320953861594,-0.13789539907917944,0.2258195801015159,-0.1471788052478771,0.06808784474250827,0.07403408961815344,-0.27038129971549896,0.23198822814834116,-0.21445454493175561,0.028060797298039813,0.004041454978715275,-0.12103781611857714,0.14402285818457175,-0.1910335260111948,0.12529768484087508,-0.03700106529703967,-0.03758465235563574,0.08159533936544203,-0.07960768687291714,0.08744131976884291,-0.06293315749676506,0.029323699752492004,0.02103620253921174,-0.05531003423436841,0.06083947800777243,-0.05789964893912185,0.03708138983693372,-0.032993807752310346
s0275lre_65,0.2415989114396223,0.08801228951819018,0.5505057935154155,0.0082436080732766,0.5833587804407201,-0.1268823468227387,0.6992192559147703,-0.26745804003782386,0.5756184822975332,-0.12621565138598792,0.29358946622145043,-0.027804755864935145,0.09543906994381635,0.13784645337091422,-0.16724780046626553,0.18022982182579353,-0.12304610229144382,0.03250388561245831,-0.1004087198749606,0.03545370199821933,-0.0668578002896575,-0.035299843095793204,-0.000758875132464446,-0.010432903590479688,-0.028619917354238033,0.001426937239295959,0.014306022199054897,-0.009063169599878521,0.004015040746641594,0.013918402947402802,0.004983174837738602,-0.005340158049022209,0.010147368158811901,-0.00085705151156378,3.646261963449478e-05,-0.006297380118918704,0.004477361450074382,-0.008950829976883252,-7.474450738596589e-05,-0.0016731011015599312
s0275lre_66,0.24683881652231301,0.11042123455665899,0.5410968737114138,0.03849991652249705,0.5643749838719552,-0.08262886933326928,0.6710132704026838,-0.2324023976817796,0.5684679044199615,-0.11361863316527544,0.2916100537854475,-0.02290167023594284,0.11171093711971125,0.11664797276511144,-0.1514940100298599,0.18846107137981255,-0.13598556285148322,0.03657743569765921,-0.09407525403116582,0.03529110574432201,-0.07892061693244717,-0.023570563179017377,0.00031213498830235206,-0.019993595206785505,-0.026211870433411697,0.010257567381332698,0.008977638091271008,-0.011591288991020528,0.010565230532637254,0.012603093516495606,0.0015022488531786719,-0.0041499278029922685,0.01369979986513483,-0.005400577252563296,0.0011143031106613259,-0.00453963751607753,0.004371377667648508,-0.010969954063159499,0.001667256412606909,-0.0031726476861058985
s0275lre_67,0.08972570581601175,-0.2334070976136451,0.24692870799260097,-0.2814554158771811,0.30449327022148404,-0.3805132534377025,0.4570732103627288,-0.4610303511151291,0.3921886555271477,-0.2526137013918367,0.16776998322472378,-0.10174182087079768,0.01649531983303686,0.09929573996180355,-0.1941375870625248,0.1807028911902972,-0.10884842340645508,0.06282873588788027,-0.06175682583305783,0.06951322050534378,-0.03763343927007682,-0.010320648891467808,0.0204070149933106,0.0022120285972129965,-0.01678757406108863,0.00557977239181241,0.016210576612521177,-0.01424204695598253,-0.00018035889408035542,0.0056376132308022945,-0.00010130395089916944,-0.01061331233500874,0.007934075910442932,-0.002212721741806734,0.0006881402840524043,-0.003509123503812525,0.008599033707527017,-0.005205280896061325,0.0025021360048574598,0.0006377835383878816
s0275lre_68,0.16298976208040072,0.26792246138926407,0.3530143356066267,0.25589491754744875,0.2848822936666901,0.2746975149437619,0.22263996777742734,0.30265055868039736,0.04555957483414415,0.34721211917166395,0.02870778848702999,0.07742783185212872,0.23253921962074775,-0.13121707170360672,0.230789644975188,-0.1498722731081595,0.11089557486492972,0.011222872417550048,-0.21301797709126274,0.234124322462972,-0.2618113236140051,0.0797050914870038,-0.034990489189337635,-0.08967080379853068,0.10730405383321895,-0.1826792138322859,0.15419753206005613,-0.09626663136872697,0.0019005335998546976,0.06393351103353602,-0.07701495687859794,0.08893089349922492,-0.07596021707650974,0.060487650152213336,-0.017960658834849146,-0.025493132918140808,0.0509418393217478,-0.05849018610220012,0.04084695565081655,-0.03692074399234997
s0275lre_69,0.10975449816924611,-0.22929771145254893,0.28887970089150017,-0.2969371002219743,0.3640434635463556,-0.45773141341598783,0.531806745437164,-0.4735468559717945,0.3348584999606777,-0.21390883298671734,0.1480564776061591,-0.04067938484682188,-0.12043099082096846,0.20826328057121746,-0.16736694870778077,0.08981893644489615,-0.07275283780127995,0.08582666548887197,-0.053189788944770944,-0.0022119270841655585,0.018239613540822253,0.009293855407069604,-0.01969545192962886,-0.0017807336878593002,0.015083280590941833,-0.0057383912581726,-0.007049972562443025,0.0025747896074656855,0.007208054413537798,-0.008817429453737828,0.0024198722261150442,-0.0012155358531382424,0.005627808370599636,-0.008105099499397184,0.0058328422487715,-0.001705670020546022,0.001461886927112054,-0.0019868244693036375,0.0028700366150893916,0.00020255271549429266
s0275lre_70,0.007351549058624965,-0.026888738511025825,0.015087934838220941,0.007114610144510828,-0.030961344872733634,0.004661578243894807,0.002345764910735436,0.011509304323601907,0.018439654599350354,-0.06533565769729142,0.08482308144244807,0.021757406472141715,-0.12249125648180005,0.10177018938775738,0.009551326395724308,-0.09249972861073674,0.08647354784993007,-0.0645720914912996,0.008567620324427953,0.09441921344315772,-0.15175432528177146,0.06393407514168904,0.10430493802028687,-0.18169677070103163,0.09661760918253545,0.04357534908805317,-0.12111906748074382,0.11311789956973295,-0.04015292063629762,-0.06749778089672955,0.1468074429556032,-0.1279613621061374,0.00853219952034429,0.09482920277530767,-0.11098229818596804,0.032073315425928305,0.05806980531536064,-0.119017784525952,0.11517053614593102,-0.06660613633859996
s0275lre_71,0.01641408841772723,-0.05411941051680211,0.04964780905767682,-0.03573284396022895,-0.004260615396718712,0.008220238917340276,-0.030481762273646046,0.10575987984000405,-0.1699828435430783,0.1797503720900502,-0.04989055484972341,-0.09321225317039326,0.17873788270752355,-0.19838913077810613,0.18556668428369866,-0.15560760529627335,0.03244564686816223,0.14667987989246964,-0.2648456550177735,0.2503425510468919,-0.1385115435907258,0.02409311501217029,0.05462502987540843,-0.12612343486144723,0.17779056748568944,-0.16973893937147716,0.09187937652336035,0.005025196902683469,-0.0608372628429494,0.07983475730719984,-0.08534216634763164,0.07579544460132741,-0.04736809678359441,-0.002645600073664624,0.043736290775722775,-0.06234353508072704,0.05980453419640753,-0.048629069633859635,0.03488768334511463,-0.018529255877796764
s0275lre_72,0.018751829141706762,-0.04571491781715829,0.0669537240394719,-0.018216129752294082,0.0026473613869237014,0.015546069873776033,-0.051222642504839364,0.15195722594674338,-0.20457217818368348,0.12466414559782578,0.04776053171407272,-0.17083069904977416,0.2029435865069107,-0.20992898677392208,0.18146273037498184,-0.04763070470246436,-0.1605024762631813,0.28723293892585205,-0.24948889045720718,0.12583894187059785,-0.015497011407992497,-0.07492453210893507,0.16370423882131946,-0.19926112883691752,0.14426327423236868,-0.038431848897066204,-0.04004428905303516,0.07826737627317891,-0.09404562696904796,0.09372278071981208,-0.06003717981644952,0.007510322263066747,0.04061516238933663,-0.05770898162245798,0.05923510307816868,-0.046236056720474185,0.032029923064593964,-0.0018472480172568035,-0.01125990596715886,0.026993172584229647
s0275lre_73,0.1466500378238755,0.26021154850970263,0.29567385017034403,0.2744957202126409,0.2309937917894759,0.25620916453446824,0.23130613454162424,0.2158408005788517,0.19226321722855164,0.10510511411938005,0.21814417524182506,0.08759222175423594,-0.011095249280924199,0.19241018522257047,0.0020266393488701405,-0.04000230342451106,0.11003252626579252,-0.08297109716581046,0.016796633489871936,0.010162913650156856,-0.16472054110423892,0.10105451704820811,-0.0398322440539222,-0.1715542855192439,0.1467419733939372,-0.07483290537682603,-0.0914178880027568,0.12634283440396496,-0.11295312384080623,0.0231337793750738,0.07657813028185992,-0.14202543376656154,0.11428217322180691,0.002132852868306477,-0.11120227461820278,0.11845434555887605,-0.05774008124831937,-0.052113007010810744,0.08591265521570696,-0.11480772904853366
s0275lre_74,0.24785473524519971,0.12262140887122239,0.537531697137193,0.05261369490262452,0.5603260236363924,-0.06318349058430422,0.6609129795570203,-0.22173400545137115,0.5872425912928256,-0.1292347950277086,0.3150757839385928,-0.0333454348691571,0.14168002560755255,0.07803608463707078,-0.11519324184958822,0.18989617813201018,-0.15346306453808412,0.04838514030774169,-0.08821767947436712,0.028820744032605317,-0.09544791981375635,-0.005268570957190042,-0.009356677555344549,-0.033932113896851836,-0.018474776202224923,0.013085344325068197,-0.005633860286208046,-0.009385171627899308,0.018961299502002763,0.007686732924898717,-0.0028502243202328135,0.004910279538112587,0.01107864455267325,-0.008230631751283378,0.003932401576250261,-0.0015303541887896374,0.0012595113606606416,-0.010444683192268062,0.004064073473363021,-0.006929881867510211
s0275lre_75,0.24685394801623498,0.1055580623012462,0.5390901636558892,0.03521202745496143,0.5686007746287777,-0.07619072288221002,0.6670984045523246,-0.22976770650564285,0.6040212126176064,-0.14056419694557004,0.33026239433245763,-0.02868430545440853,0.1516160641976654,0.0713149785938816,-0.09144037373834471,0.1957752316530445,-0.16161883772063168,0.06663193797385214,-0.08337646427454207,0.02250523487754705,-0.09781985614168136,0.006253575506803159,-0.019359269343141805,-0.04156769620058691,-0.010309654724319576,0.0091263367821435,-0.01418092510955531,-0.006703360078342754,0.021764197511644153,0.0002877224783323217,-2.165115787888882e-06,0.010061305976986203,0.007249423042691518,-0.007028359877001561,0.007239499040505647,0.00026914581802729183,-0.0011810274643609753,-0.005438733764273406,0.0038352334161721167,-0.008504606120889203
s0275lre_76,0.24940859223741535,0.1005360620458239,0.5494844011547569,0.027840442271610533,0.5781025533125396,-0.08268019976636438,0.6727684484091359,-0.2329681075514082,0.6078932936690148,-0.14248357395123173,0.3308278373484214,-0.023561392031631247,0.14682067922224357,0.0759699825214443,-0.09313606523214225,0.20022165779515938,-0.16650261626317756,0.07257500783993664,-0.08438676932503535,0.020065341788956862,-0.09726102687612367,0.007348165522228448,-0.021272523240094068,-0.042584690678658985,-0.009367891939485418,0.0059175294139415715,-0.01661510935460305,-0.006958919078095577,0.02090718988490464,-0.0017317510953958701,0.0005734366250870283,0.010439432511199762,0.006477935166475881,-0.006547402942983633,0.007636113660836234,-0.00030434206087250786,-0.001597449836849247,-0.0055258684939782764,0.0036470242691990233,-0.008763980682882016
s0275lre_77,0.094555682654157,-0.22250689918203542,0.25095483909422067,-0.2846259899927199,0.30881666924260387,-0.391692939478978,0.4730937025112228,-0.47383137496735384,0.3978926590485113,-0.2562539703978418,0.17643920251839754,-0.11299369927411787,0.016689396262247205,0.1091622448863432,-0.1992698420008622,0.16723371294991632,-0.09591172401191982,0.0611111397110735,-0.0690808224725665,0.06822098595468773,-0.02607553362904203,-0.01480142314870626,0.01621975517485548,0.011406537231273547,-0.018697155566460708,-0.001368079119611698,0.016229320290302468,-0.008117888523926062,-0.006393447314970125,0.005632156085295453,0.0022477739197715903,-0.00995503756614857,0.006334050819377179,0.0004937424941406964,0.0021501615823507634,-0.005300817691153308,0.007791038987102037,-0.004182626051394624,0.0007054890128365605,0.0001598147243322162
s0275lre_78,0.021337988393642232,-0.044918803141733916,0.06356276161491152,-0.015756970430631827,0.00046477536256625014,0.009958500285156574,-0.03966912679376456,0.1417842273450133,-0.20438196758019747,0.133685316667793,0.03504997556227816,-0.15375854391482505,0.18302662582964846,-0.2035795340651883,0.1953938350618527,-0.07187432675304649,-0.13745184706951585,0.27104777407545,-0.24430379317471013,0.13600613858115612,-0.03493796721513275,-0.05274044023990416,0.14607944249217217,-0.1937426237974267,0.1494980456123073,-0.04992827853220899,-0.026246290616700356,0.06470879275763848,-0.08497463057135111,0.0926953526777606,-0.06516000729001745,0.016123652888219413,0.03165759609078019,-0.05042142612518029,0.05555778659502051,-0.04659894212394365,0.03617870707718354,-0.009592972662732298,-0.006054973845278399,0.021876276546199214
s0275lre_79,0.14109036390914734,0.2589739506799005,0.3053269140259383,0.28353359757887747,0.24207922833340387,0.27361844435511273,0.238452571055024,0.2257323335733036,0.2010965137422771,0.1402170573208613,0.2231240999895049,0.07012896336103576,0.051750766186767085,0.200560792028774,-0.042914063254288946,0.027211935340587558,0.11102472886067093,-0.09225317072496365,0.04034208046512342,-0.024684562327611296,-0.10295353304017163,0.0968191895484543,-0.1476816947392432,-0.042252850489535754,0.11339374551127636,-0.17830928353835235,0.022942578889063293,0.07905692506159458,-0.15721327491991055,0.10588035950072687,-0.03257192504844941,-0.05384614010019629,0.11408883389766332,-0.0998922052145199,0.008987308861190903,0.10080284323966344,-0.15732878762931066,0.09935303703544596,-0.030570853496719994,-0.059739919112857025
s0275lre_80,0.23635328358238528,0.11156367790594941,0.5270602036822003,0.02970531977914777,0.5577212485765078,-0.07630856587708455,0.6520331252565467,-0.23349048246348295,0.6120242256683556,-0.1626476294963262,0.34770701812707183,-0.039338462787878815,0.168761861659167,0.04448699719166265,-0.057810264132278404,0.185456924030873,-0.17009388981225745,0.08768547022775185,-0.08502588573361097,0.013139623399015764,-0.09604352994675648,0.018740122086285806,-0.0394549059015862,-0.041190784639836574,-0.0017387601679071767,-0.002549260235857206,-0.025367637678018536,0.0020839359834212926,0.01670879719393412,-0.008216931124986086,0.006028948547966536,0.015077787070187665,0.0016830229372993548,-0.0034238340823084614,0.009354521038926325,-0.001826809577301711,-0.001789595417440053,-0.0008628754009616419,0.000826208963552023,-0.00799381053333904
s0275lre_81,0.24210842224121745,0.10778298197117979,0.5176329454882848,0.0397606502300769,0.5424861323473985,-0.06211107480458286,0.6387976904210969,-0.2233829597144876,0.6020686559252698,-0.1549933071897987,0.34204347163857457,-0.04028807470330225,0.17296002922741682,0.04289435238590608,-0.061030685469160614,0.19073435548685602,-0.17001001237477473,0.08524331271798542,-0.08429988621795494,0.021403203227127368,-0.09952524416731563,0.0190629213256486,-0.033685695923531066,-0.0398751052176667,-0.0036095401635631774,0.0027038887606461908,-0.024149230125042068,0.003174023166272591,0.01796939615177927,-0.006204678904606758,0.0029405545135180408,0.014810665209021594,0.0023609895435702,-0.005680218385482402,0.01136403826385791,-0.0029100212954277474,-0.0010454333033362683,-0.003647097905870746,0.0027786674757268844,-0.009429177541753589
s0275lre_82,0.24496757342114137,0.09796067816836948,0.5301638916318417,0.03349008180581325,0.5578210198720424,-0.06582687546689198,0.6475258281663683,-0.21923877270401498,0.6082852169721777,-0.1507258986466526,0.3439748503172508,-0.02868646448040815,0.16521236528728703,0.05208219575743788,-0.057703311537211796,0.19326190863542167,-0.17648945343789318,0.09773980638166321,-0.08856905656112724,0.016633452484992598,-0.09760622363681336,0.022059273233030304,-0.04143714116188689,-0.039809228603550795,0.0017125038404640326,-0.005605542021404988,-0.024610761205542415,0.003933217568413189,0.01808218591527021,-0.010113964514930443,0.008355486924035654,0.013256348273336147,-3.78251779616224e-05,-0.003566383120738246,0.011241567567992274,-0.0037711285138366415,-0.0013482809260025952,-0.0006679942805779924,0.0007473919750793834,-0.008603986705646287
s0275lre_83,0.10005475163118911,-0.21978496492350927,0.276944082638257,-0.2856228755619447,0.33601875372298845,-0.4086705902399105,0.4904023877580203,-0.47601130694239513,0.37096994500132696,-0.23870210129422423,0.15636668539086954,-0.09127455447876798,-0.02101612033606132,0.1501119423134944,-0.20125745157288893,0.1473989325612349,-0.0779691768662418,0.06090148574980172,-0.0746912288133907,0.05592897036215584,-0.002971299414019667,-0.02261553872072498,0.0029296554696434463,0.018347701679594104,-0.007633960580357447,-0.013420020607756373,0.016156262213237713,-0.00025237135601263364,-0.007721772028331626,-0.00027886062954453507,0.008802624024895582,-0.007342362275787355,0.00025673249987744946,0.00013917162210234606,0.004195179333891406,-0.006911329793464263,0.004565114190552267,-0.001090720398328814,-0.00030115826849769537,-0.000984792669835772
s0275lre_84,0.13976530381402297,0.24853745953366255,0.2820851642437152,0.2624754191638046,0.2194700834793614,0.24614942836565065,0.22300708071752298,0.2076689036109397,0.1889639033611125,0.10035527024138395,0.21492200468356146,0.09361367780668496,-0.013697575250963252,0.1944917613271549,0.015824964551604086,-0.042921076433431286,0.11830806500866599,-0.07152456103360208,0.011788664811771227,0.02485310228236971,-0.1605377722930598,0.09204844646477431,-0.01994645448011075,-0.18354652742217142,0.14287680770142258,-0.057918601262595154,-0.10913887008355357,0.12764548321522196,-0.10066200379261685,-0.00022878429091179652,0.09351086444107465,-0.14670480648722492,0.10068155103373161,0.022688237615582155,-0.1217909004317403,0.11171393622071653,-0.03132097318889203,-0.07713377809337317,0.10314397194176055,-0.11345488244888491
s0275lre_85,0.09440999037972185,-0.21802348801638058,0.24271007591355245,-0.2702944083971021,0.29152903664484936,-0.3707244567227124,0.4520282875343787,-0.4505392193179431,0.3758567112452341,-0.23648282803182485,0.16253027502206474,-0.10389985066524826,0.009579255560640883,0.117580928675637,-0.2026947048069653,0.16815359322893808,-0.0941265311058576,0.06298734181951149,-0.07325269255528767,0.06833952161928723,-0.02386905483463221,-0.018572019731988756,0.014411043385054672,0.012724597101124713,-0.016791696406588046,-0.002002134412075921,0.01802305146459064,-0.007870813936880064,-0.005254795248332388,0.0026003826291711523,0.005625638514254677,-0.01284225195886376,0.007123738294864826,-0.0014070656402224606,0.0036343718561285057,-0.00657876059340695,0.008540535621191938,-0.004575833411885481,3.964677165821608e-05,-0.00043585717477775216
s0275lre_86,0.1708042005020632,0.2579096033265925,0.3518605695782377,0.25887308927397773,0.278276430860097,0.2746587127226156,0.21818295053768436,0.3095610211017406,0.03143161875564699,0.3359244667680169,0.058318789090032915,0.03169123363922941,0.2509236336818054,-0.1331956448399696,0.21743554322302072,-0.13788132379557574,0.060959988405967655,0.08172517351683958,-0.2721262187192377,0.2304211405297464,-0.2027364239527141,0.015229045573843032,0.018899924335399346,-0.12828318246923148,0.14834501365113376,-0.18869232519954438,0.1183953564495958,-0.02618600987756817,-0.048976455928443685,0.08946793642702319,-0.08107899390085267,0.08604975554445482,-0.057046474039196125,0.020815970738008345,0.029848928265088167,-0.061148715574655316,0.06434313069232694,-0.057418234797028275,0.034996337910701,-0.02856270134984549
s0275lre_87,0.25334676246707594,0.09018875637299614,0.5571481851090099,0.016232832126067017,0.5889791451056388,-0.10946883101243732,0.6954600814971608,-0.2491056533351149,0.5851922064167626,-0.12058497815051644,0.2998346029800399,-0.01612848679922544,0.11147966465441594,0.12379092799583366,-0.1452884340568884,0.1927479629428225,-0.13397447452526448,0.03745668780144819,-0.08978776640790946,0.03250341826309087,-0.08101164350763594,-0.024471323740043436,-0.0001826284192260675,-0.024413698750320567,-0.02720860043335504,0.006800924283489281,0.007223044461192585,-0.014029167989380765,0.010616469424295642,0.013397636190857385,-5.318676397494194e-05,-0.0007711392057449444,0.012465981963680954,-0.0028860454703207245,-0.00024283282499854217,-0.001967320872656839,0.003063998535336334,-0.010026663209303791,0.0009569605866872366,-0.002730692501568915
s0275lre_88,0.11075098611771231,-0.2398801238889925,0.2953740312179501,-0.30150968929822486,0.3749334668213441,-0.47647320612604926,0.5392210053270479,-0.450782915810435,0.29893159221114535,-0.19622337626089031,0.12860891074696776,0.012602907294809463,-0.17705582380781076,0.21228386554756457,-0.13559716175467815,0.07971902567612127,-0.08888081849107135,0.08026732004371681,-0.020476576515459647,-0.0187994132158923,0.0012018016092678468,0.020485829284901006,-0.005144838315721405,-0.014796021959846861,0.00860953787363728,0.005571372197743092,-0.0038436053540825033,-0.007081460850168736,0.009466818876468037,-0.003947241365448437,0.001993118720985749,-0.0057997951711990774,0.00918244521957181,-0.005752043031095328,0.0032770949247903688,-0.0017875955901234183,0.002230314166596213,-0.001993975071800539,9.564983577780586e-05,0.0021161570547648108
s0275lre_89,0.1555890204225005,0.2759391683507386,0.31159307428220095,0.2925458813084396,0.2470789552120411,0.27123379681995646,0.24608199946984047,0.22759892396878983,0.2071568521521521,0.10991002591488938,0.21883273996502955,0.10953716859152839,-0.0164747991218935,0.1840934054567573,0.029013980169786752,-0.05689687112967315,0.10845828818197967,-0.0732650117160248,-0.007938527604579746,0.03180464991480223,-0.16865960988493586,0.06786587390636695,0.012292181068341524,-0.19585342257165264,0.12329866732763253,-0.02269301563257335,-0.12416659469056253,0.12278104857809582,-0.07158351013278957,-0.02685901925955891,0.12031674846578182,-0.1396784426871772,0.07115025050169524,0.055701120095537314,-0.12373732969669601,0.08259485010036126,0.009666550047140836,-0.10337907181211238,0.11360793958779196,-0.09866950297614249
s0275lre_90,0.2452474922627203,0.10802961718366379,0.5441351983174492,0.038820692531955255,0.5740618245494312,-0.0764838570785559,0.6721310862936372,-0.22973025996185278,0.6055416841611767,-0.1440489914081184,0.33387045457480946,-0.030674716809263324,0.15155838823895848,0.07082943882942346,-0.0894071089387663,0.19061965871911696,-0.16029227224902315,0.0628136574986635,-0.0827164450641669,0.019526674979775713,-0.09666154306004027,0.004693367558519363,-0.01819231794597829,-0.03997825295413763,-0.011392924752795444,0.007663074055699967,-0.014625667566404496,-0.006351700869574422,0.02047592666256238,0.0013769888992029883,-0.0011626089223404255,0.010644267966120988,0.006997689365471436,-0.006442886644164303,0.006596818519302241,4.807917767929376e-05,-0.0013061923654149967,-0.0053281064319580865,0.0036004871264102853,-0.0074480843082545805
s0275lre_91,0.2378210760560338,0.08449970724836912,0.5321247623048341,0.009020710739883739,0.5661586672736465,-0.11038917300164576,0.6741764582290521,-0.25430527000864944,0.5888267941124743,-0.13912616601771177,0.313628199421464,-0.027272574659241326,0.13166911158972416,0.10216835074099014,-0.12080975709917177,0.19771919076009511,-0.13971236294628162,0.05000853806672425,-0.08329102783400028,0.03279200212229072,-0.08714278188363009,-0.013322359305402747,-0.004302766142356448,-0.030916838757490888,-0.023932218097680678,0.008984977924097937,-0.001946137558619833,-0.014315896201414833,0.013716730169833116,0.009955221269006493,-0.002291541426144939,0.003417034083678241,0.01178218554222034,-0.004419257193060366,0.0024521287479201135,0.0005237229181256013,0.0020499920630790967,-0.00842041475920767,0.0031575778532874263,-0.00360162381650738
s0275lre_92,0.10977623952427511,-0.23309346919675594,0.2883319968839788,-0.29087124828533356,0.3539358451519253,-0.44417776672287296,0.5141356783729524,-0.4519610655129755,0.31105363398591296,-0.19511185373267564,0.13194502746659312,-0.02356166581246134,-0.13678246069439132,0.2173385484182561,-0.16724917038357148,0.09079253337385328,-0.07883248252974036,0.086460216019418,-0.049106226716087824,-0.007380639532683511,0.01650517462504018,0.011077747753084089,-0.016859010849967895,-0.0052386423551525904,0.016173039640102603,-0.004862164687303812,-0.005983841747936846,-0.00011282224855695362,0.01001259014079182,-0.009783656982260315,0.0040840531196489815,-0.0029828706884516814,0.007776250564806604,-0.009183378847664223,0.00566084691318557,-0.0017872549940130694,0.0019711933222391234,-0.002144828041657474,0.0019739674189101566,0.0012726255599817278
s0275lre_93,0.14992487292571574,0.26488842076230046,0.30110907179952623,0.280702601489889,0.23768993352996207,0.264510789415348,0.23771777947673053,0.22174287438646342,0.20055498584012713,0.1145271197545133,0.2216809955662994,0.09574947409461503,-0.0010021296041088203,0.1953158704347088,0.00755948507772371,-0.034439516532680514,0.11574253825341267,-0.07827678704788846,0.013170709980390606,0.013358887112789007,-0.1563024441321666,0.0944365700911112,-0.03998035381851025,-0.16761985841662913,0.144505640865959,-0.0750555021815836,-0.0937432252437091,0.12507639668345125,-0.10859625605447569,0.017667282564022235,0.07854691492134894,-0.1373030387808163,0.10985101860339876,0.0031675975201395563,-0.11021024481152546,0.11723084713548947,-0.05434600113568619,-0.05601193412142386,0.0893095591924003,-0.11258231199072961
s0275lre_94,0.1099033334706969,-0.22885658973087386,0.28710946410405086,-0.2951057082655063,0.35637267367526904,-0.4378084123655443,0.5129837192477108,-0.4680452045996344,0.3401190434356832,-0.21350751351395675,0.1404094030914856,-0.05413850484797382,-0.08751976710325993,0.1954701637983926,-0.1857043751695246,0.10684935877855287,-0.06527969716184853,0.0766720114101719,-0.06789487281572412,0.016366925727160277,0.01984578965961918,-0.006419323096655831,-0.017252462367151705,0.008735585386506569,0.012724629492363668,-0.014063854516829842,-0.0007872392886068071,0.006348650880972836,0.0019862408042176844,-0.00911695656859197,0.006058621347286137,-0.0005890027678166731,0.001149306502841124,-0.0058432280430834775,0.007297635840509352,-0.003734590064328254,0.0004245656260183478,-0.001285988582165796,0.0021011405862620173,-0.0014985157347964608
s0275lre_95,0.14920045760366474,0.2638542288717819,0.3014088637242331,0.2781398847105486,0.2385328048737045,0.2653475779278265,0.23727793836879735,0.22198339986960322,0.20338871325058036,0.11756099558168404,0.22419655042762632,0.09222583278585632,0.007984709547092328,0.20056857219719054,-0.0007751292989416051,-0.024015418899766723,0.12129364417320529,-0.08028617774157541,0.018140778668641437,0.010088247314148617,-0.15014465475764563,0.09972046383212128,-0.06207247334391642,-0.151448956578312,0.14940768325760098,-0.09866632764784979,-0.08000898832891569,0.12516135766470676,-0.12350784424269165,0.031219407943934713,0.059195443543534995,-0.13057395378352415,0.12013413411096101,-0.020178849144019052,-0.09686817862013533,0.12719383720922064,-0.08093562229864654,-0.031398632782547446,0.07520912302471182,-0.1120316822312264
s0275lre_96,0.10817858699800408,-0.2315826411422928,0.28593664318582745,-0.29382301311540715,0.3542768574517996,-0.44200201515566423,0.5193135376098953,-0.47413255722958136,0.3408536037621287,-0.21696826269574795,0.14741180205287516,-0.05768063364456588,-0.09493584692365141,0.20168569315235452,-0.1821407032766161,0.10174383453633278,-0.0680489835660588,0.08165622111535216,-0.06545779296839103,0.01218959238854898,0.021185545518509485,-0.002491221535073958,-0.01998740346662157,0.007308619112895228,0.01331252005787644,-0.012506387514588331,-0.00368682588919858,0.006521700915886285,0.0031640345351765767,-0.009992973924431362,0.006009945481668279,-0.0004706520647474198,0.0031207003464031585,-0.006734597740203455,0.007521867679095194,-0.004258224162568187,0.0010281283180238277,-0.002004848386732783,0.0024252245159142078,-0.0023173662404016274
s0275lre_97,0.1454943602202734,0.257722727828863,0.29320995233728964,0.27554077815489897,0.22972860079798751,0.25425299286953834,0.2325260230901984,0.21610850988669308,0.19128386305974154,0.10683113461888866,0.21617127089114882,0.09515153119898112,-0.014349471906456395,0.18870540305915953,0.018437545824971157,-0.04555697358855756,0.10651650448931914,-0.07311338706006924,0.012195159381095022,0.019513104752217205,-0.1636397150004408,0.08885985889388096,-0.014101603121119832,-0.18086762683444205,0.13448947966609173,-0.04952808218092294,-0.10476773208845491,0.12144198461253612,-0.09407708180044884,0.002675898723935097,0.09461832602660288,-0.14239209196685665,0.09569226562521717,0.026942582760624993,-0.11800512352100746,0.10210611063019899,-0.026805126948815844,-0.07510304565008123,0.09766349342084535,-0.10884082501375014
s0275lre_98,0.10436586645593832,-0.21939337901482026,0.27293076105040814,-0.2785436552020761,0.33130175357729197,-0.4081487092472404,0.4921767530641959,-0.4654652006807484,0.34733227182346094,-0.21640004496198997,0.14554637272132928,-0.0766772205621891,-0.05540873529867016,0.18187827443220642,-0.20226490696937216,0.12803010608440976,-0.07031153865805222,0.07093635068063267,-0.07651358893330895,0.03871790351636517,0.0123098437995269,-0.018702629071240998,-0.0091595260908796,0.017943310184430267,0.0029461906043172187,-0.01848359063872184,0.008966167354638512,0.005490895753308999,-0.003511634707477779,-0.007905783379181644,0.011253131468771722,-0.004966121334298899,0.0005083249790961445,-0.0038053610375947144,0.008122683916310724,-0.007844303422069116,0.0025955205964733434,-0.0010706142604079761,0.0010476677495940905,-0.0021341698525531153
s0275lre_99,0.13908147423197023,0.2559216118906521,0.301159213598861,0.27454713748420956,0.23497770964276712,0.2670081462776107,0.23416140744356237,0.22134707022682346,0.19805664770061845,0.13326937962928231,0.22278948045422137,0.07385493585355485,0.040469907195172405,0.20305102429887362,-0.03409563695382612,0.015592359159103824,0.11786651121287238,-0.08835482596269106,0.03724809515880326,-0.014922912920356869,-0.11166752974033475,0.10351081702624508,-0.13288425231152584,-0.06737001087877781,0.12987289070264063,-0.16688338406811726,-0.002446481796144746,0.09686616253259789,-0.15394917491360252,0.09079191282543347,-0.013510087529747356,-0.07421003805552406,0.12327040564229011,-0.08912318326868064,-0.017881098201634537,0.11793107795298588,-0.15029605806685017,0.07057453884613929,-0.0031872021961319333,-0.07864639547848111
s0275lre_100,0.2427742401928661,0.10572940807985494,0.5341160141227348,0.02983599976168129,0.5625004051660815,-0.06940311075571785,0.6505570770347213,-0.22060835809836649,0.6154170942548113,-0.15749370366480653,0.35329951506648477,-0.030307754427723658,0.1688317488670219,0.04762937367570282,-0.045117690978587296,0.18833100242556855,-0.17306467218415805,0.10547655652898097,-0.08917221942203414,0.013182800152675499,-0.09326122933973092,0.02230183884301833,-0.04915645278393404,-0.038206746252214575,0.0032453323435137392,-0.010137577242426365,-0.025601313292873643,0.006026637261788585,0.013118101243989119,-0.011196140079215463,0.010309863136697784,0.013387545103296086,-0.0020076497162762326,0.0004383028091055347,0.011270628614226213,-0.0040450527305287585,-0.0008612784447585573,0.001476455311886907,-2.5939471764949405e-05,-0.007162657718012545
s0275lre_101,0.2391728412648573,0.08072588936650643,0.5182530107023191,0.01176117693923679,0.5458156718829015,-0.09194579320803167,0.6444413443080519,-0.24592259986559264,0.6035094035355869,-0.16425341755721387,0.33686392568831347,-0.03896646256653598,0.1623555205108539,0.05287944329400062,-0.06967310594512123,0.19927961001793612,-0.16872762935970437,0.08994828832836578,-0.0818743973355933,0.02198800777478533,-0.09706736887430115,0.01825025195969403,-0.03117497038176292,-0.041045606900560756,-0.002924819784074579,0.0019126699408922314,-0.024035183554761266,-0.001959948984449795,0.01780248758810006,-0.007863854025317403,0.003160431415707485,0.014476887384753327,0.0030341035458676677,-0.0049471893356052375,0.01049701937317131,-0.0021744573992733772,-0.0014129138390017975,-0.0017416523597890052,0.0029515927295716026,-0.008257895476930687
s0275lre_102,0.24751955670442455,0.10584752257575114,0.5343700747635012,0.038745357735440425,0.5546850197287453,-0.06701112371556119,0.6510376680029352,-0.22342772487984172,0.5881977348605575,-0.13263971757033735,0.3137683689665807,-0.026168920918761628,0.14464851885157254,0.07325759809547369,-0.1049129400532862,0.20286883703979408,-0.16672161065601823,0.06649279938441319,-0.08695324912068905,0.02843972820004142,-0.09968305763866413,0.0050926293829347095,-0.016232810609246615,-0.04089422678846594,-0.010384675062298865,0.010482749832773912,-0.0148934760366961,-0.007739192276041249,0.022882210756488244,0.00031863673373527405,-0.000282524219411611,0.00852002820128192,0.009782406829815547,-0.009704317595742577,0.00854954894683015,-0.0020655106527971774,0.00043451875259564797,-0.008424719546798649,0.005705452145111374,-0.008878257709289824
s0275lre_103,0.10409823963004161,-0.21531423017665627,0.26796779003173976,-0.2763490559312403,0.32705113709774697,-0.4015869139583278,0.48662046365553185,-0.47157587659292316,0.36341141675039024,-0.23278699998210828,0.15609196957911992,-0.0944178356586924,-0.023780250286436204,0.15623782410471382,-0.20152133934504332,0.14179125579280408,-0.07447571758179455,0.06367894746338075,-0.0769504907111741,0.05344886900937072,-9.800982471569748e-05,-0.022402019926532308,0.0003085009700741727,0.020527165815784645,-0.006675182873601294,-0.016099189414418073,0.013797233173916706,0.001491794257356446,-0.007079744984375394,-0.002370872601682157,0.010172447399444496,-0.007514507847501281,0.0009378528395835104,-0.0009668675004060725,0.005757434851067494,-0.0075489272655306664,0.0047052838483718,-0.001248287583382641,-0.0002584059222945838,-0.0015598384302109444
s0275lre_104,0.14485570566680608,0.2568038259925089,0.29091076932361043,0.268609879736291,0.23052272568977067,0.264876738181101,0.22941857063105475,0.22022185284657825,0.19466859180457977,0.13987486089589793,0.22134692827565286,0.06769557619081733,0.05972871028098246,0.20192265172733642,-0.045911042156334694,0.04206353570296576,0.1113465992794663,-0.08775855989973148,0.051539147897733055,-0.02667675686807933,-0.09011116501426226,0.0971108771714959,-0.15619933094279384,-0.020337293924460726,0.10184298728540787,-0.18361020263200603,0.04336926829345451,0.06202268424141445,-0.15573843625447306,0.11634657541127674,-0.05228105051223783,-0.036810430019034654,0.10615500879179807,-0.10883149957087976,0.030142139034742756,0.08494819143519265,-0.15659220769711046,0.12073667144889606,-0.05291122003167007,-0.039473759833328084
s0275lre_105,0.24005204416487735,0.08353380877717563,0.5233681038282649,0.015805262772151427,0.5510927908695038,-0.08204055335288458,0.6430668552853873,-0.2299121864048072,0.6080417094708928,-0.159170005944465,0.348147639407114,-0.030069260566062506,0.16923457349350077,0.052514369918142775,-0.04776598769768742,0.19595921009992076,-0.17000428210649965,0.10565342653393187,-0.08422450282009647,0.018610704904739237,-0.09406235341741977,0.02232043714201779,-0.043909574150732635,-0.04063244576489614,0.0007751907567625889,-0.007222983254463381,-0.02541725841706945,0.003994505111352472,0.014378608955693881,-0.011359970439341692,0.007800192747997164,0.013929996146824927,-0.0004996941637521467,-0.001369449464113406,0.012221552136778916,-0.0034584453621853465,-0.0013059121663986267,0.0008447998505736671,0.0008610139943194019,-0.007885419952796862
s0275lre_106,0.2465057871288314,0.08885818397540042,0.5361602586995015,0.02046937242168044,0.5586573643753714,-0.08482756395140793,0.6561677722679105,-0.23937503281156072,0.5980247573324546,-0.14779962128805352,0.32410650045518613,-0.030711958536358882,0.14959564937047587,0.06953968083747963,-0.09643794376171756,0.20816865221567063,-0.17238180940761597,0.07779852560862663,-0.0857558587506452,0.027351485719424844,-0.10116961245016304,0.01030732863348482,-0.020598426200520673,-0.04176812668426199,-0.008437543442346674,0.0075210924618500955,-0.017238294705866224,-0.007589257537367196,0.021707508493017183,-0.0029749814637197417,0.00011726719901191203,0.011130348319994326,0.007033880323727229,-0.008655985085798826,0.010231830758624515,-0.0016737000055269714,-0.0004755594211071818,-0.006234070424268982,0.005324928226910804,-0.009395723033603096
s0275lre_107,0.24825186435619084,0.11761418951297499,0.540098170200555,0.05007177800402495,0.5620192930004797,-0.0551363731484163,0.653874510441115,-0.21533007027628134,0.6040120898324793,-0.14315849448414877,0.33529617499492886,-0.03244420375273041,0.1609407134157931,0.053981965654854795,-0.07856050132899657,0.19440749457393117,-0.17566415672017313,0.07870991125138371,-0.08984020019328273,0.01998853836509424,-0.10355843262659009,0.014077550981324172,-0.02984888289264612,-0.04305417946703313,-0.005039204723400082,0.0051069521267595765,-0.020658271814534744,-0.0011923409852064594,0.02216534641644439,-0.00435302234643558,0.0035584216118011306,0.012870662172911511,0.004807654379671289,-0.008068282190023562,0.01016190958580643,-0.0027456042619012897,-0.0019071562227930604,-0.00429090973280056,0.003201476748442117,-0.009228215785789981
s0275lre_108,0.0890292801974762,-0.20947574298327087,0.23591183173122346,-0.2700056293454725,0.29023953019790927,-0.36261718271663806,0.440672470786912,-0.4606349395631181,0.41336315975529664,-0.28471465655579853,0.1962133198681618,-0.12920195141573995,0.06183947691542976,0.04030530677084338,-0.15510834942482637,0.18076274621134436,-0.13117783139509404,0.06917697983291206,-0.05025350287876357,0.06753876388188121,-0.057912341033885005,0.014365758796043758,0.01804608826229446,-0.01430296031256975,-0.011643057731985576,0.018416459839972255,0.0022603667326615566,-0.015868038366339612,0.010479350134238131,0.003997132601422038,-0.008646629084915222,-0.0016673107959476656,0.008026240976785306,-0.006524427258854697,0.0009219412249346858,0.001819104981154456,0.003996468793774773,-0.005771938305595565,0.006150320953917346,-0.0015718279497188969
s0275lre_109,0.16321307748772435,0.24557451731890828,0.34074007917138743,0.2448623089283357,0.27182622775654713,0.26297824810679593,0.2157905699026626,0.2925446139774508,0.0379400744944114,0.3441284913754187,0.02405259097631884,0.07557641885651077,0.2286417811317419,-0.12643760105896207,0.22977345457351217,-0.15229387439488568,0.12158822987587935,0.009853927700066078,-0.21002984817453474,0.2368328445167673,-0.2598008834814102,0.0827703422274572,-0.04191988493315629,-0.08136979467120178,0.10458666010298874,-0.1844461207381229,0.15674721707691547,-0.09941116343076062,0.0041566877460759355,0.059225862098443535,-0.07333416889040258,0.08898424847910365,-0.07902370297493433,0.06437514218546944,-0.020973807519141203,-0.023340083470296116,0.04772279543537878,-0.05701823876328932,0.04031689918980585,-0.03817417983293392
s0275lre_110,0.24775926287918384,0.10141500685967783,0.542251271654886,0.030834054419533453,0.565136163172388,-0.08451876590476022,0.6689689800524153,-0.2402791818149114,0.5915857955437999,-0.1367255280541005,0.3140935353730256,-0.033813817506093115,0.13929829793727597,0.08499336303536979,-0.12203481448867647,0.20076357177818857,-0.15596154920615976,0.05292766393530898,-0.0893570756888004,0.03395018870349628,-0.09724311662971633,-0.00682455583617854,-0.007369714036826505,-0.03536490344670459,-0.019824922587466532,0.012680258289622876,-0.005665933906058697,-0.012500224852474817,0.018399525085806643,0.008391627562886635,-0.0027218590261010134,0.005093542658947948,0.01319127211054164,-0.007716434830184171,0.0044180183379759295,-0.0007036069014659534,0.0017774281597306822,-0.010114422980459604,0.004935084891712952,-0.006381990784229839
s0275lre_111,0.2485450214885705,0.11944486518865807,0.5393593544217046,0.050020529847397625,0.5621254634134529,-0.05559197108897031,0.6534205492826864,-0.21450139373727037,0.603948830084642,-0.1446087448941844,0.33877230519480156,-0.03426618615024719,0.16158632712587775,0.05232619787279545,-0.07337261188533932,0.1906013163973102,-0.1735780143252729,0.08035690066891396,-0.08963441085382909,0.019029335313735896,-0.10188702929059718,0.015262285889610563,-0.031164166752058495,-0.04178802652692503,-0.004844645041225183,0.0035988741664842493,-0.020138670016575513,-0.0005631490488565802,0.020611625891946764,-0.004659101479975802,0.002940548817631905,0.013162053812230266,0.0041756673159323975,-0.007828852937517696,0.009888226571505985,-0.0023284403252114357,-0.0006747869691247484,-0.003966412044873876,0.0032479324186229213,-0.009508317570645448
s0275lre_112,0.23844112627790295,0.10142726814666264,0.5267307531239211,0.03350605148323582,0.5566151420404852,-0.07280262532370446,0.6535580821797102,-0.22713576213336087,0.6097404216199467,-0.15551219114009576,0.34932404992654054,-0.03795713749907281,0.17175722869039725,0.050567469331144456,-0.05606694047900124,0.1882223403977405,-0.1626945475938462,0.08465525108125294,-0.08181847090549355,0.01741708392847037,-0.09702972212036608,0.017291331314209527,-0.03400381801373287,-0.04001350017498954,-0.004826525329132617,0.0011340503061158034,-0.023339621445695603,-0.00023746494888346288,0.0181991117040473,-0.005506099971326699,0.0028076328631528942,0.013933823972358716,0.0025368288577525284,-0.004172861322987375,0.0093287273109422,-0.0010930292317722949,-0.0022555442309814527,-0.0013488076237797603,0.0019528226594108804,-0.008340534396220768
s0275lre_113,0.23759606645084297,0.08188138324076766,0.5292515082617206,0.010381739882335891,0.5585640416839708,-0.09750615443835937,0.6579836835696935,-0.2428210739952744,0.5963424109775489,-0.14688403166381866,0.3262898316372677,-0.027160828503263942,0.14889514352129202,0.07791005074405484,-0.091103917351569,0.20476341172148677,-0.1584423090853043,0.07490240243526891,-0.07997628408830793,0.027602983258625903,-0.09616668638877077,0.00683809488530361,-0.01843047735203681,-0.04194660194311742,-0.011635516366727815,0.005766630896341314,-0.01667672451206991,-0.009323530353466648,0.019320566800886046,-0.0004120674727033078,-0.00028110381220680875,0.010735874197013249,0.008335148146715717,-0.006413626554412342,0.008063308605634893,0.0019390353328689717,-7.49653554524281e-05,-0.004747430895921623,0.0043319760543606275,-0.007027401046164729
